EVENT_ID,CZ_NAME_STR,BEGIN_LOCATION,BEGIN_DATE,BEGIN_TIME,EVENT_TYPE,MAGNITUDE,TOR_F_SCALE,DEATHS_DIRECT,INJURIES_DIRECT,DAMAGE_PROPERTY_NUM,DAMAGE_CROPS_NUM,STATE_ABBR,CZ_TIMEZONE,MAGNITUDE_TYPE,EPISODE_ID,CZ_TYPE,CZ_FIPS,WFO,INJURIES_INDIRECT,DEATHS_INDIRECT,SOURCE,FLOOD_CAUSE,TOR_LENGTH,TOR_WIDTH,BEGIN_RANGE,BEGIN_AZIMUTH,END_RANGE,END_AZIMUTH,END_LOCATION,BEGIN_LAT,BEGIN_LON,END_LAT,END_LON,ABSOLUTE_ROWNUMBER
5135624,TRAVIS CO.,BERGSTROM AFB,3/16/2000,1620,Tornado, ,F0,0,0,0,0,TX,CST, ,92133,C,453,EWX,0,0,OFFICIAL NWS OBS., ,0.2,30, , , , ,BERGSTROM AFB,30.2,-97.67,30.2,-97.67,1
5135625,TRAVIS CO.,PFLUGERVILLE,3/16/2000,1710,Tornado, ,F0,0,0,0,0,TX,CST, ,92133,C,453,EWX,0,0,LAW ENFORCEMENT, ,0.1,20, , , , ,PFLUGERVILLE,30.43,-97.62,30.43,-97.62,2
5135626,TRAVIS CO.,AUSTIN,3/16/2000,1718,Hail,1.75, ,0,0,0,0,TX,CST, ,92133,C,453,EWX,0,0,LAW ENFORCEMENT, , , ,10,N,10,N,AUSTIN,30.43,-97.75,30.43,-97.75,3
5135730,TRAVIS CO.,AUSTIN,4/7/2000,1905,Hail,0.75, ,0,0,0,0,TX,CST, ,92269,C,453,EWX,0,0,LAW ENFORCEMENT, , , ,5,N,5,N,AUSTIN,30.35,-97.75,30.35,-97.75,4
5135733,TRAVIS CO.,AUSTIN,4/11/2000,2342,Thunderstorm Wind,51, ,0,0,20000,0,TX,CST,M,92271,C,453,EWX,0,0,AWOS,ASOS,MESONET,ETC, , , , ,AUSTIN,30.28,-97.75,30.28,-97.75,5
5135734,TRAVIS CO.,AUSTIN,4/11/2000,2350,Hail,1, ,0,0,0,0,TX,CST, ,92271,C,453,EWX,0,0,GENERAL PUBLIC, , , ,10,W,10,W,AUSTIN,30.28,-97.92,30.28,-97.92,6
5145203,TRAVIS CO.,LAGO VISTA,5/12/2000,1950,Hail,1.75, ,0,0,0,0,TX,CST, ,94925,C,453,EWX,0,0,LAW ENFORCEMENT, , , ,8,N,8,N,LAGO VISTA,30.58,-97.98,30.58,-97.98,7
5143966,TRAVIS CO.,AUSTIN,5/27/2000,2101,Thunderstorm Wind,50, ,0,0,0,0,TX,CST,M,94930,C,453,EWX,0,0,BROADCAST MEDIA, , , , , , , ,AUSTIN,30.28,-97.75,30.28,-97.75,8
5143967,TRAVIS CO.,AUSTIN,5/27/2000,2122,Thunderstorm Wind,51, ,0,0,0,0,TX,CST,M,94930,C,453,EWX,0,0,BROADCAST MEDIA, , , , , , , ,AUSTIN,30.28,-97.75,30.28,-97.75,9
5150993,TRAVIS CO.,SOUTHWEST PORTION,6/9/2000,1230,Flash Flood, , ,0,0,30000,0,TX,CST, ,96909,C,453,EWX,0,0,LAW ENFORCEMENT, , , , , , , ,SOUTHWEST PORTION, , , , ,10
5164060,TRAVIS CO.,AUSTIN,7/16/2000,1500,Lightning, , ,0,1,0,0,TX,CST, ,98747,C,453,EWX,0,0,BROADCAST MEDIA, , , , , , , ,AUSTIN, , , , ,11
5174776,TRAVIS CO.,AUSTIN,10/22/2000,1625,Hail,1.75, ,0,0,0,0,TX,CST, ,103555,C,453,EWX,0,0,AMATEUR RADIO, , , , , , , ,AUSTIN,30.28,-97.75,30.28,-97.75,12
5160960,TRAVIS CO.,COUNTYWIDE,11/2/2000,1550,Flash Flood, , ,0,0,20000,0,TX,CST, ,104314,C,453,EWX,0,0,EMERGENCY MANAGER, , , , , , , ,COUNTYWIDE, , , , ,13
5161065,TRAVIS CO.,COUNTYWIDE,11/3/2000,1030,Flash Flood, , ,0,0,20000,0,TX,CST, ,104320,C,453,EWX,0,0,EMERGENCY MANAGER, , , , , , , ,COUNTYWIDE, , , , ,14
5159094,TRAVIS CO.,EAST PORTION,11/23/2000,2230,Flash Flood, , ,0,0,15000,0,TX,CST, ,104351,C,453,EWX,0,0,FIRE DEPT/RESCUE SQUAD, , , , , , , ,EAST PORTION, , , , ,15
5159852,TRAVIS (ZONE), ,12/12/2000,1600,Winter Storm, , ,0,0,0,0,TX,CST, ,104957,Z,192,EWX,0,0,EMERGENCY MANAGER, , , , , , , , , , , , ,16
5243270,TRAVIS CO.,WEST PORTION,5/6/2001,1900,Flash Flood, , ,0,0,10000,0,TX,CST, ,114399,C,453,EWX,0,0,EMERGENCY MANAGER, , , , , , , ,WEST PORTION, , , , ,17
5243272,TRAVIS CO.,EAST PORTION,5/6/2001,2200,Flash Flood, , ,0,0,20000,0,TX,CST, ,114400,C,453,EWX,0,0,EMERGENCY MANAGER, , , , , , , ,EAST PORTION, , , , ,18
5243288,TRAVIS CO.,AUSTIN,5/20/2001,2030,Thunderstorm Wind,57, ,0,0,0,0,TX,CST,M,114405,C,453,EWX,0,0,AWOS,ASOS,MESONET,ETC, , , , ,AUSTIN,30.28,-97.75,30.28,-97.75,19
5243287,TRAVIS CO.,COUNTYWIDE,5/20/2001,2030,Flash Flood, , ,0,5,60000,0,TX,CST, ,114404,C,453,EWX,0,0,NEWSPAPER, , , , , , , ,COUNTYWIDE, , , , ,20
5243289,TRAVIS CO.,PFLUGERVILLE,5/20/2001,2036,Thunderstorm Wind,63, ,0,0,0,0,TX,CST,M,114405,C,453,EWX,0,0,AWOS,ASOS,MESONET,ETC, , , , ,PFLUGERVILLE,30.43,-97.62,30.43,-97.62,21
5260976,TRAVIS CO.,COUNTYWIDE,8/26/2001,1915,Flash Flood, , ,0,0,30000,0,TX,CST, ,120192,C,453,EWX,0,0,EMERGENCY MANAGER, , , , , , , ,COUNTYWIDE, , , , ,22
5261073,TRAVIS CO.,AUSTIN,8/31/2001,2100,Flash Flood, , ,0,0,20000,0,TX,CST, ,120204,C,453,EWX,0,0,EMERGENCY MANAGER, , , , , , , ,AUSTIN, , , , ,23
5269726,TRAVIS CO.,PFLUGERVILLE,10/12/2001,2227,Thunderstorm Wind,61, ,0,0,0,0,TX,CST,M,123806,C,453,EWX,0,0,BROADCAST MEDIA, , , , , , , ,PFLUGERVILLE,30.43,-97.62,30.43,-97.62,24
5272972,TRAVIS CO.,COUNTYWIDE,11/15/2001,1000,Flash Flood, , ,2,50,500000,0,TX,CST, ,124478,C,453,EWX,0,0,EMERGENCY MANAGER, , , , , , , ,COUNTYWIDE, , , , ,25
5273159,TRAVIS CO.,AUSTIN,11/15/2001,1550,Tornado, ,F1,0,0,100000,0,TX,CST, ,124490,C,453,EWX,0,0,NWS STORM SURVEY, ,2.5,800,3,S,2,SE,AUSTIN,30.23,-97.75,30.27,-97.73,26
5273160,TRAVIS CO.,AUSTIN,11/15/2001,1645,Tornado, ,F0,0,0,30000,0,TX,CST, ,124491,C,453,EWX,0,0,LAW ENFORCEMENT, ,2,30,7,NE,9,NE,AUSTIN,30.35,-97.67,30.38,-97.65,27
5273245,TRAVIS CO.,BERGSTROM AFB,11/15/2001,1730,Tornado, ,F1,0,0,80000,0,TX,CST, ,124492,C,453,EWX,0,0,NWS STORM SURVEY, ,3,500,4,NW,4,NNE,BERGSTROM AFB,30.23,-97.7,30.25,-97.65,28
5273246,TRAVIS CO.,BERGSTROM AFB,11/15/2001,1739,Thunderstorm Wind,54, ,0,0,0,0,TX,CST,M,124492,C,453,EWX,0,0,OFFICIAL NWS OBS., , , , , , , ,BERGSTROM AFB,30.2,-97.67,30.2,-97.67,29
5273247,TRAVIS CO.,BERGSTROM AFB,11/15/2001,1744,Tornado, ,F0,0,0,15000,0,TX,CST, ,124492,C,453,EWX,0,0,NWS STORM SURVEY, ,4.5,50,2,NW,4,NNE,BERGSTROM AFB,30.22,-97.68,30.25,-97.63,30
5273331,TRAVIS CO.,PFLUGERVILLE,11/15/2001,1802,Tornado, ,F0,0,0,0,0,TX,CST, ,124500,C,453,EWX,0,0,GENERAL PUBLIC, ,0.3,30,3,NE,3,NE,PFLUGERVILLE,30.47,-97.58,30.47,-97.58,31
5272044,TRAVIS (ZONE), ,11/15/2001,2000,Flood, , ,0,0,0,0,TX,CST, ,124502,Z,192,EWX,0,0,OFFICIAL NWS OBS., , , , , , , , , , , , ,32
5272045,TRAVIS (ZONE), ,11/15/2001,2330,Flood, , ,0,0,0,0,TX,CST, ,124502,Z,192,EWX,0,0,OFFICIAL NWS OBS., , , , , , , , , , , , ,33
5272058,TRAVIS CO.,PFLUGERVILLE,11/28/2001,330,Hail,0.75, ,0,0,0,0,TX,CST, ,124513,C,453,EWX,0,0,LAW ENFORCEMENT, , , , , , , ,PFLUGERVILLE,30.43,-97.62,30.43,-97.62,34
5272126,TRAVIS (ZONE), ,11/28/2001,1900,Winter Storm, , ,0,0,0,0,TX,CST, ,124514,Z,192,EWX,0,0,EMERGENCY MANAGER, , , , , , , , , , , , ,35
5294109,TRAVIS CO.,LAKE TRAVIS,6/26/2002,1855,Hail,1, ,0,0,0,0,TX,CST, ,135313,C,453,EWX,0,0,NEWSPAPER, , , , , , , ,LAKE TRAVIS,30.43,-98.03,30.43,-98.03,36
5294110,TRAVIS CO.,LAKE TRAVIS,6/26/2002,1900,Thunderstorm Wind,69, ,0,0,300000,0,TX,CST,M,135313,C,453,EWX,0,0,AWOS,ASOS,MESONET,ETC, , , , ,LAKE TRAVIS,30.43,-98.03,30.43,-98.03,37
5294111,TRAVIS CO.,AUSTIN,6/26/2002,1908,Thunderstorm Wind,56, ,0,0,0,0,TX,CST,M,135313,C,453,EWX,0,0,AWOS,ASOS,MESONET,ETC, , , , ,AUSTIN,30.28,-97.75,30.28,-97.75,38
5311547,TRAVIS CO.,WEST PORTION,7/1/2002,2130,Flash Flood, , ,0,0,0,0,TX,CST, ,139908,C,453,EWX,0,0,EMERGENCY MANAGER, , , , , , , ,WEST PORTION, , , , ,39
5311699,TRAVIS CO.,COUNTYWIDE,7/2/2002,730,Flash Flood, , ,0,0,0,0,TX,CST, ,139910,C,453,EWX,0,0,EMERGENCY MANAGER, , , , , , , ,COUNTYWIDE, , , , ,40
5311769,TRAVIS (ZONE), ,7/2/2002,1533,Flood, , ,1,0,0,0,TX,CST, ,139914,Z,192,EWX,0,0,OTHER FEDERAL AGENCY, , , , , , , , , , , , ,41
5311771,TRAVIS (ZONE), ,7/2/2002,1557,Flood, , ,0,0,0,0,TX,CST, ,139916,Z,192,EWX,0,0,OTHER FEDERAL AGENCY, , , , , , , , , , , , ,42
5311944,TRAVIS CO.,COUNTYWIDE,7/3/2002,600,Flash Flood, , ,0,0,0,0,TX,CST, ,139919,C,453,EWX,0,0,LAW ENFORCEMENT, , , , , , , ,COUNTYWIDE, , , , ,43
5306839,TRAVIS CO.,WEST PORTION,7/5/2002,430,Flash Flood, , ,0,0,0,0,TX,CST, ,139928,C,453,EWX,0,0,LAW ENFORCEMENT, , , , , , , ,WEST PORTION, , , , ,44
5311722,TRAVIS CO.,LAGO VISTA,8/8/2002,1500,Lightning, , ,0,3,0,0,TX,CST, ,140165,C,453,EWX,0,0,METEOROLOGIST(NON NWS), , , , , , , ,LAGO VISTA, , , , ,45
5311723,TRAVIS CO.,COUNTYWIDE,8/10/2002,1440,Flash Flood, , ,0,0,0,0,TX,CST, ,140166,C,453,EWX,0,0,LAW ENFORCEMENT, , , , , , , ,COUNTYWIDE, , , , ,46
5320558,TRAVIS CO.,COUNTYWIDE,9/7/2002,1930,Flash Flood, , ,0,0,0,0,TX,CST, ,143702,C,453,EWX,0,0,LAW ENFORCEMENT, , , , , , , ,COUNTYWIDE, , , , ,47
5320650,TRAVIS CO.,COUNTYWIDE,9/8/2002,915,Flash Flood, , ,0,2,30000,0,TX,CST, ,143705,C,453,EWX,0,0,LAW ENFORCEMENT, , , , , , , ,COUNTYWIDE, , , , ,48
5319398,TRAVIS CO.,AUSTIN,10/20/2002,2305,Hail,1.75, ,0,0,500000,0,TX,CST, ,144082,C,453,EWX,0,0,METEOROLOGIST(NON NWS), , , ,4,SW, , ,AUSTIN,30.25,-97.8,30.28,-97.75,49
5319640,TRAVIS CO.,SOUTH PORTION,10/24/2002,1200,Flash Flood, , ,0,0,0,0,TX,CST, ,144088,C,453,EWX,0,0,LAW ENFORCEMENT, , , , , , , ,SOUTH PORTION, , , , ,50
5323261,TRAVIS CO.,COUNTYWIDE,11/4/2002,1315,Flash Flood, , ,0,0,10000,0,TX,CST, ,144642,C,453,EWX,0,0,BROADCAST MEDIA, , , , , , , ,COUNTYWIDE, , , , ,51
5323413,TRAVIS CO.,LAKE TRAVIS,11/26/2002,345,Hail,1, ,0,0,0,0,TX,CST, ,144654,C,453,EWX,0,0,BROADCAST MEDIA, , , , , , , ,LAKE TRAVIS,30.43,-98.03,30.43,-98.03,52
5326145,TRAVIS CO.,MANOR,12/23/2002,704,Tornado, ,F1,0,1,200000,0,TX,CST, ,145602,C,453,EWX,0,0,STORM CHASER, ,5.5,200,1,SE,5,NE,MANOR,30.32,-97.53,30.38,-97.48,53
5341653,TRAVIS CO.,COUNTYWIDE,2/20/2003,830,Flash Flood, , ,0,0,15000,0,TX,CST, ,147099,C,453,EWX,0,0,NEWSPAPER, , , , , , , ,COUNTYWIDE, , , , ,54
5341352,TRAVIS (ZONE), ,2/24/2003,2000,Winter Storm, , ,0,0,0,0,TX,CST, ,147107,Z,192,EWX,0,0,NEWSPAPER, , , , , , , , , , , , ,55
5346282,TRAVIS CO.,OAK HILL,3/25/2003,1937,Hail,0.75, ,0,0,0,0,TX,CST, ,148416,C,453,EWX,0,0,AMATEUR RADIO, , , , , , , ,OAK HILL,30.23,-97.85,30.23,-97.85,56
5346283,TRAVIS CO.,AUSTIN,3/25/2003,2005,Hail,0.75, ,0,0,0,0,TX,CST, ,148416,C,453,EWX,0,0,AMATEUR RADIO, , , ,3,S,3,S,AUSTIN,30.23,-97.75,30.23,-97.75,57
5360901,TRAVIS CO.,AUSTIN,6/13/2003,1545,Thunderstorm Wind,56, ,0,0,100000,0,TX,CST,MG,153389,C,453,EWX,0,0,NEWSPAPER, , , , , , , ,AUSTIN,30.28,-97.75,30.28,-97.75,58
5360296,TRAVIS CO.,AUSTIN-BERGSTROM ARPT,6/13/2003,1759,Hail,0.75, ,0,0,0,0,TX,CST, ,153393,C,453,EWX,0,0,OTHER FEDERAL AGENCY, , , , , , , ,AUSTIN-BERGSTROM ARPT,30.2,-97.67,30.2,-97.67,59
5368706,TRAVIS CO.,AUSTIN,8/8/2003,1523,Thunderstorm Wind,57, ,0,0,100000,0,TX,CST,MG,160308,C,453,EWX,0,0,BROADCAST MEDIA, , , , , , , ,AUSTIN,30.28,-97.75,30.28,-97.75,60
5369191,TRAVIS CO.,AUSTIN,8/11/2003,1905,Thunderstorm Wind,60, ,0,0,600000,0,TX,CST,EG,160311,C,453,EWX,0,0,NWS STORM SURVEY, , , , , , , ,AUSTIN,30.28,-97.75,30.28,-97.75,61
5369192,TRAVIS CO.,AUSTIN,8/11/2003,1910,Hail,1.75, ,0,0,100000,0,TX,CST, ,160311,C,453,EWX,0,0,NWS STORM SURVEY, , , , , , , ,AUSTIN,30.28,-97.75,30.28,-97.75,62
5385123,TRAVIS CO.,COUNTYWIDE,1/16/2004,1800,Flash Flood, , ,0,0,10000,0,TX,CST, ,166128,C,453,EWX,0,0,LAW ENFORCEMENT, , , , , , , ,COUNTYWIDE, , , , ,63
5393181,TRAVIS CO.,LAGO VISTA,4/6/2004,240,Hail,1.75, ,0,0,200000,0,TX,CST, ,168074,C,453,EWX,0,0,NEWSPAPER, , , , , , , ,LAGO VISTA,30.47,-97.98,30.47,-97.98,64
5393286,TRAVIS CO.,NORTH PORTION,4/6/2004,530,Flash Flood, , ,0,4,0,0,TX,CST, ,168074,C,453,EWX,0,0,LAW ENFORCEMENT, , , , , , , ,NORTH PORTION, , , , ,65
5391929,TRAVIS CO.,AUSTIN,4/10/2004,1515,Hail,0.75, ,0,0,0,0,TX,CST, ,168079,C,453,EWX,0,0,AMATEUR RADIO, , , , , , , ,AUSTIN,30.28,-97.75,30.28,-97.75,66
5392022,TRAVIS CO.,LAGO VISTA,4/13/2004,300,Hail,1, ,0,0,500000,0,TX,CST, ,168080,C,453,EWX,0,0,NEWSPAPER, , , , , , , ,LAGO VISTA,30.47,-97.98,30.47,-97.98,67
5399833,TRAVIS CO.,AUSTIN,5/31/2004,1608,Hail,1, ,0,0,0,0,TX,CST, ,170936,C,453,EWX,0,0,TRAINED SPOTTER, , , , , , , ,AUSTIN,30.28,-97.75,30.28,-97.75,68
5399834,TRAVIS CO.,AUSTIN,5/31/2004,1610,Hail,1.75, ,0,0,0,0,TX,CST, ,170936,C,453,EWX,0,0,BROADCAST MEDIA, , , , , , , ,AUSTIN,30.28,-97.75,30.28,-97.75,69
5399835,TRAVIS CO.,AUSTIN,5/31/2004,1625,Hail,1.75, ,0,0,0,0,TX,CST, ,170936,C,453,EWX,0,0,TRAINED SPOTTER, , , , , , , ,AUSTIN,30.28,-97.75,30.28,-97.75,70
5410195,TRAVIS CO.,EAST PORTION,6/5/2004,30,Flash Flood, , ,0,0,0,0,TX,CST, ,174678,C,453,EWX,0,0,DEPT OF HIGHWAYS, , , , , , , ,EAST PORTION, , , , ,71
5410254,TRAVIS CO.,AUSTIN-BERGSTROM ARPT,6/8/2004,1945,Tornado, ,F0,0,0,150000,0,TX,CST, ,174680,C,453,EWX,0,0,BROADCAST MEDIA, ,0.5,100,7,E,7,NE,AUSTIN-BERGSTROM ARPT,30.2,-97.55,30.27,-97.58,72
5410383,TRAVIS (ZONE), ,6/9/2004,1100,Flood, , ,0,0,0,0,TX,CST, ,174689,Z,192,EWX,0,0,OTHER FEDERAL AGENCY, , , , , , , , , , , , ,73
5410388,TRAVIS CO.,COUNTYWIDE,6/9/2004,1300,Flash Flood, , ,0,0,0,0,TX,CST, ,174690,C,453,EWX,0,0,LAW ENFORCEMENT, , , , , , , ,COUNTYWIDE, , , , ,74
5409416,TRAVIS CO.,NORTHEAST PORTION,6/25/2004,1330,Flash Flood, , ,0,0,0,0,TX,CST, ,174704,C,453,EWX,0,0,EMERGENCY MANAGER, , , , , , , ,NORTHEAST PORTION, , , , ,75
5409505,TRAVIS CO.,WEST PORTION,6/26/2004,1730,Flash Flood, , ,0,0,0,0,TX,CST, ,174707,C,453,EWX,0,0,LAW ENFORCEMENT, , , , , , , ,WEST PORTION, , , , ,76
5409509,TRAVIS CO.,AUSTIN-BERGSTROM ARPT,6/27/2004,1013,Thunderstorm Wind,50, ,0,0,0,0,TX,CST,MG,174708,C,453,EWX,0,0,AWOS,ASOS,MESONET,ETC, , , , ,AUSTIN-BERGSTROM ARPT,30.2,-97.67,30.2,-97.67,77
5409510,TRAVIS CO.,AUSTIN,6/27/2004,1130,Flash Flood, , ,0,0,0,0,TX,CST, ,174708,C,453,EWX,0,0,LAW ENFORCEMENT, , , , , , , ,AUSTIN, , , , ,78
5409728,TRAVIS CO.,AUSTIN,6/28/2004,1637,Hail,0.75, ,0,0,0,0,TX,CST, ,174715,C,453,EWX,0,0,BROADCAST MEDIA, , , , , , , ,AUSTIN,30.28,-97.75,30.28,-97.75,79
5409729,TRAVIS CO.,AUSTIN,6/28/2004,1640,Thunderstorm Wind,60, ,0,0,20000,0,TX,CST,EG,174715,C,453,EWX,0,0,BROADCAST MEDIA, , , , , , , ,AUSTIN,30.28,-97.75,30.28,-97.75,80
5409812,TRAVIS CO.,COUNTYWIDE,6/29/2004,930,Flash Flood, , ,0,0,0,0,TX,CST, ,174724,C,453,EWX,0,0,LAW ENFORCEMENT, , , , , , , ,COUNTYWIDE, , , , ,81
5424917,TRAVIS CO.,AUSTIN,9/14/2004,1600,Flash Flood, , ,0,0,0,0,TX,CST, ,180849,C,453,EWX,0,0,NEWSPAPER, , , , , , , ,AUSTIN, , , , ,82
5424528,TRAVIS CO.,EAST PORTION,10/2/2004,430,Flash Flood, , ,0,0,0,0,TX,CST, ,180942,C,453,EWX,0,0,EMERGENCY MANAGER, , , , , , , ,EAST PORTION, , , , ,83
5428871,TRAVIS CO.,AUSTIN,11/1/2004,100,Flash Flood, , ,0,0,0,0,TX,CST, ,182092,C,453,EWX,0,0,BROADCAST MEDIA, , , , , , , ,AUSTIN, , , , ,84
5428872,TRAVIS CO.,AUSTIN,11/1/2004,600,Flash Flood, , ,0,0,0,0,TX,CST, ,182092,C,453,EWX,0,0,BROADCAST MEDIA, , , , , , , ,AUSTIN, , , , ,85
5428945,TRAVIS CO.,BEECAVES,11/16/2004,1652,Tornado, ,F0,0,0,0,0,TX,CST, ,182098,C,453,EWX,0,0,BROADCAST MEDIA, ,0.5,100,1,W,1,W,BEECAVES,30.3,-97.97,30.3,-97.97,86
5427960,TRAVIS CO.,COUNTYWIDE,11/16/2004,2300,Flash Flood, , ,0,0,0,0,TX,CST, ,182107,C,453,EWX,0,0,LAW ENFORCEMENT, , , , , , , ,COUNTYWIDE, , , , ,87
5428302,TRAVIS CO.,COUNTYWIDE,11/22/2004,100,Flash Flood, , ,0,0,0,0,TX,CST, ,182127,C,453,EWX,0,0,EMERGENCY MANAGER, , , , , , , ,COUNTYWIDE, , , , ,88
5428421,TRAVIS (ZONE), ,11/22/2004,315,Flood, , ,0,0,0,0,TX,CST, ,182129,Z,192,EWX,0,0,OTHER FEDERAL AGENCY, , , , , , , , , , , , ,89
5428528,TRAVIS (ZONE), ,11/22/2004,500,Flood, , ,0,0,0,0,TX,CST, ,182132,Z,192,EWX,0,0,OTHER FEDERAL AGENCY, , , , , , , , , , , , ,90
5428647,TRAVIS CO.,COUNTYWIDE,11/22/2004,1000,Flash Flood, , ,0,0,0,0,TX,CST, ,182139,C,453,EWX,0,0,LAW ENFORCEMENT, , , , , , , ,COUNTYWIDE, , , , ,91
5428761,TRAVIS CO.,AUSTIN,11/23/2004,855,Hail,0.75, ,0,0,0,0,TX,CST, ,182151,C,453,EWX,0,0,AMATEUR RADIO, , , , , , , ,AUSTIN,30.28,-97.75,30.28,-97.75,92
5428827,TRAVIS CO.,SOUTHEAST PORTION,11/23/2004,1000,Flash Flood, , ,0,0,0,0,TX,CST, ,182153,C,453,EWX,0,0,EMERGENCY MANAGER, , , , , , , ,SOUTHEAST PORTION, , , , ,93
5441456,TRAVIS CO.,AUSTIN,3/19/2005,1655,Hail,0.88, ,0,0,0,0,TX,CST, ,185248,C,453,EWX,0,0,GENERAL PUBLIC, , , ,6,S,8,SE,AUSTIN,30.2,-97.75,30.2,-97.65,94
5441470,TRAVIS CO.,LAGO VISTA,3/25/2005,2105,Hail,1.75, ,0,0,0,0,TX,CST, ,185254,C,453,EWX,0,0,GENERAL PUBLIC, , , , , , , ,LAGO VISTA,30.47,-97.98,30.47,-97.98,95
5441558,TRAVIS CO.,LAGO VISTA,3/25/2005,2105,Hail,2, ,0,0,100000000,0,TX,CST, ,185254,C,453,EWX,0,0,EMERGENCY MANAGER, , , , , , , ,MANOR,30.47,-97.98,30.33,-97.55,96
5441471,TRAVIS CO.,LAKE TRAVIS,3/25/2005,2108,Hail,1, ,0,0,0,0,TX,CST, ,185254,C,453,EWX,0,0,GENERAL PUBLIC, , , , , , , ,LAKE TRAVIS,30.43,-98.03,30.43,-98.03,97
5441559,TRAVIS CO.,AUSTIN,3/25/2005,2110,Hail,1.5, ,0,0,0,0,TX,CST, ,185254,C,453,EWX,0,0,GENERAL PUBLIC, , , ,10,W,7,W,AUSTIN,30.28,-97.92,30.28,-97.87,98
5441560,TRAVIS CO.,AUSTIN,3/25/2005,2115,Hail,1, ,0,0,0,0,TX,CST, ,185254,C,453,EWX,0,0,NWS EMPLOYEE(OFF DUTY), , , ,4,NW,4,NW,AUSTIN,30.32,-97.8,30.32,-97.8,99
5441665,TRAVIS CO.,AUSTIN,3/25/2005,2115,Thunderstorm Wind,50, ,0,0,0,0,TX,CST,ES,185254,C,453,EWX,0,0,NWS EMPLOYEE(OFF DUTY), , , ,4,NW,4,NW,AUSTIN,30.32,-97.8,30.32,-97.8,100
5441561,TRAVIS CO.,AUSTIN,3/25/2005,2123,Hail,0.75, ,0,0,0,0,TX,CST, ,185254,C,453,EWX,0,0,GENERAL PUBLIC, , , ,10,NW,10,NW,AUSTIN,30.38,-97.87,30.38,-97.87,101
5441562,TRAVIS CO.,AUSTIN,3/25/2005,2125,Hail,1.75, ,0,0,0,0,TX,CST, ,185254,C,453,EWX,0,0,GENERAL PUBLIC, , , ,5,NW,5,NW,AUSTIN,30.33,-97.82,30.33,-97.82,102
5441564,TRAVIS CO.,AUSTIN,3/25/2005,2130,Hail,0.88, ,0,0,0,0,TX,CST, ,185254,C,453,EWX,0,0,BROADCAST MEDIA, , , ,4,NW,4,NW,AUSTIN,30.32,-97.8,30.32,-97.8,103
5441563,TRAVIS CO.,AUSTIN,3/25/2005,2130,Hail,0.75, ,0,0,0,0,TX,CST, ,185254,C,453,EWX,0,0,TRAINED SPOTTER, , , ,9,NW,9,NW,AUSTIN,30.38,-97.85,30.38,-97.85,104
5441565,TRAVIS CO.,AUSTIN,3/25/2005,2135,Hail,1.75, ,0,0,0,0,TX,CST, ,185254,C,453,EWX,0,0,GENERAL PUBLIC, , , ,2,NE,2,NE,AUSTIN,30.3,-97.73,30.3,-97.73,105
5441566,TRAVIS CO.,AUSTIN,3/25/2005,2140,Hail,2, ,0,0,0,0,TX,CST, ,185254,C,453,EWX,0,0,GENERAL PUBLIC, , , ,8,E,8,E,AUSTIN,30.28,-97.62,30.28,-97.62,106
5441567,TRAVIS CO.,MANOR,3/25/2005,2145,Hail,1, ,0,0,0,0,TX,CST, ,185254,C,453,EWX,0,0,AMATEUR RADIO, , , ,4,SE,4,SE,MANOR,30.3,-97.5,30.3,-97.5,107
5441568,TRAVIS CO.,MANOR,3/25/2005,2150,Tornado, ,F1,0,0,100000,0,TX,CST, ,185254,C,453,EWX,0,0,NWS STORM SURVEY, ,2.5,200,4,SE,7,SE,MANOR,30.3,-97.5,30.27,-97.47,108
5441669,TRAVIS CO.,AUSTIN-BERGSTROM ARPT,3/31/2005,1815,Thunderstorm Wind,60, ,0,0,0,0,TX,CST,EG,185257,C,453,EWX,0,0,EMERGENCY MANAGER, , , , , , , ,DEL VALLE,30.2,-97.67,30.22,-97.67,109
5445321,TRAVIS CO.,AUSTIN,4/5/2005,1932,Hail,1, ,0,0,0,0,TX,CST, ,186623,C,453,EWX,0,0,GENERAL PUBLIC, , , ,1,E,1,E,AUSTIN,30.28,-97.73,30.28,-97.73,110
5445322,TRAVIS CO.,AUSTIN,4/5/2005,1935,Hail,0.75, ,0,0,0,0,TX,CST, ,186623,C,453,EWX,0,0,TRAINED SPOTTER, , , ,8,N,8,N,AUSTIN,30.4,-97.75,30.4,-97.75,111
5445323,TRAVIS CO.,AUSTIN,4/5/2005,1945,Hail,1, ,0,0,0,0,TX,CST, ,186623,C,453,EWX,0,0,TRAINED SPOTTER, , , ,6,SW,6,SW,AUSTIN,30.22,-97.82,30.22,-97.82,112
5445324,TRAVIS CO.,AUSTIN,4/5/2005,1955,Hail,1, ,0,0,0,0,TX,CST, ,186623,C,453,EWX,0,0,GENERAL PUBLIC, , , ,8,SE,8,SE,AUSTIN,30.2,-97.65,30.2,-97.65,113
5445606,TRAVIS CO.,AUSTIN,4/10/2005,2325,Hail,0.75, ,0,0,0,0,TX,CST, ,186627,C,453,EWX,0,0,GENERAL PUBLIC, , , ,8,NW,8,NW,AUSTIN,30.37,-97.85,30.37,-97.85,114
5445609,TRAVIS CO.,AUSTIN,4/11/2005,30,Hail,1, ,0,0,0,0,TX,CST, ,186629,C,453,EWX,0,0,AMATEUR RADIO, , , ,10,NE,10,NE,AUSTIN,30.38,-97.63,30.38,-97.63,115
5454521,TRAVIS CO.,AUSTIN,5/29/2005,1940,Hail,1.75, ,0,0,0,0,TX,CST, ,190275,C,453,EWX,0,0,TRAINED SPOTTER, , , ,5,SSW,5,SSW,AUSTIN,30.22,-97.78,30.22,-97.78,116
5454522,TRAVIS CO.,AUSTIN,5/29/2005,2002,Hail,1, ,0,0,0,0,TX,CST, ,190275,C,453,EWX,0,0,GENERAL PUBLIC, , , ,5,S,5,S,AUSTIN,30.22,-97.75,30.22,-97.75,117
5454523,TRAVIS CO.,AUSTIN,5/29/2005,2009,Hail,1.75, ,0,0,0,0,TX,CST, ,190275,C,453,EWX,0,0,GENERAL PUBLIC, , , ,8,SSW,8,SSW,AUSTIN,30.18,-97.8,30.18,-97.8,118
5454524,TRAVIS CO.,AUSTIN,5/29/2005,2025,Thunderstorm Wind,70, ,0,0,0,0,TX,CST,EG,190275,C,453,EWX,0,0,GENERAL PUBLIC, , , ,8,SSW,8,SSW,AUSTIN,30.18,-97.8,30.18,-97.8,119
5454527,TRAVIS CO.,CREEDMOOR,5/29/2005,2200,Flash Flood, , ,0,0,0,0,TX,CST, ,190275,C,453,EWX,0,0,LAW ENFORCEMENT, , , ,5,W, , ,CREEDMOOR,30.08,-97.82,30.08,-97.73,120
5465570,TRAVIS CO.,MANOR,7/7/2005,1900,Thunderstorm Wind,60, ,0,0,0,0,TX,CST,EG,193963,C,453,EWX,0,0,GOVT OFFICIAL, , , ,3,NW,3,NW,MANOR,30.37,-97.58,30.37,-97.58,121
5465750,TRAVIS CO.,AUSTIN,7/27/2005,2200,Flash Flood, , ,0,0,0,0,TX,CST, ,193975,C,453,EWX,0,0,BROADCAST MEDIA, , , , , , , ,AUSTIN,30.28,-97.75,30.28,-97.75,122
5469292,TRAVIS CO.,PFLUGERVILLE,8/5/2005,730,Flash Flood, , ,0,0,0,0,TX,CST, ,196946,C,453,EWX,0,0,LAW ENFORCEMENT, , , , , , , ,PFLUGERVILLE,30.43,-97.62,30.43,-97.62,123
5469294,TRAVIS CO.,OAK HILL,8/5/2005,800,Flash Flood, , ,0,0,0,0,TX,CST, ,196946,C,453,EWX,0,0,EMERGENCY MANAGER, , , , , , , ,OAK HILL,30.23,-97.85,30.23,-97.85,124
5469596,TRAVIS CO.,AUSTIN,8/10/2005,1130,Flash Flood, , ,0,0,0,0,TX,CST, ,196961,C,453,EWX,0,0,EMERGENCY MANAGER, , , , , , , ,AUSTIN,30.28,-97.75,30.28,-97.75,125
5475859,TRAVIS CO.,BEECAVES,9/11/2005,1100,Flash Flood, , ,0,0,0,0,TX,CST, ,198603,C,453,EWX,0,0,EMERGENCY MANAGER, , , , , , , ,OAK HILL,30.3,-97.95,30.23,-97.85,126
5485279,TRAVIS (ZONE), ,12/7/2005,2100,Winter Storm, , ,0,0,0,0,TX,CST, ,202162,Z,192,EWX,0,0,EMERGENCY MANAGER, , , , , , , , , , , , ,127
5489706,TRAVIS CO.,BEECAVES,3/8/2006,2340,Hail,0.75, ,0,0,0,0,TX,CST, ,204883,C,453,EWX,0,0,LAW ENFORCEMENT, , , ,10,NW,10,NW,BEECAVES,30.4,-98.07,30.4,-98.07,128
5489796,TRAVIS CO.,AUSTIN,3/28/2006,830,Flash Flood, , ,0,0,0,0,TX,CST, ,204889,C,453,EWX,0,0,BROADCAST MEDIA, , , , , , , ,AUSTIN,30.28,-97.75,30.28,-97.75,129
5496629,TRAVIS CO.,PFLUGERVILLE,4/6/2006,1940,Hail,1, ,0,0,0,0,TX,CST, ,206792,C,453,EWX,0,0,BROADCAST MEDIA, , , , , , , ,PFLUGERVILLE,30.43,-97.62,30.43,-97.62,130
5496681,TRAVIS CO.,AUSTIN,4/18/2006,2103,Hail,1, ,0,0,0,0,TX,CST, ,206794,C,453,EWX,0,0,GENERAL PUBLIC, , , ,4,SW,4,SW,AUSTIN,30.25,-97.8,30.25,-97.8,131
5496682,TRAVIS CO.,AUSTIN,4/18/2006,2125,Hail,0.75, ,0,0,0,0,TX,CST, ,206794,C,453,EWX,0,0,TRAINED SPOTTER, , , ,9,SW,9,SW,AUSTIN,30.18,-97.85,30.18,-97.85,132
5496693,TRAVIS CO.,AUSTIN,4/20/2006,1420,Hail,1, ,0,0,0,0,TX,CST, ,206797,C,453,EWX,0,0,AMATEUR RADIO, , , ,10,W,10,W,AUSTIN,30.28,-97.92,30.28,-97.92,133
5496694,TRAVIS CO.,AUSTIN,4/20/2006,1430,Hail,1, ,0,0,0,0,TX,CST, ,206797,C,453,EWX,0,0,TRAINED SPOTTER, , , ,13,N,13,N,AUSTIN,30.47,-97.75,30.47,-97.75,134
5496760,TRAVIS CO.,AUSTIN,4/20/2006,1550,Hail,3, ,0,0,0,0,TX,CST, ,206797,C,453,EWX,0,0,BROADCAST MEDIA, , , ,10,NW,3,N,AUSTIN,30.38,-97.87,30.33,-97.75,135
5496761,TRAVIS CO.,AUSTIN,4/20/2006,1553,Hail,2, ,0,0,0,0,TX,CST, ,206797,C,453,EWX,0,0,TRAINED SPOTTER, , , ,10,NNW,10,NNW,AUSTIN,30.42,-97.82,30.42,-97.82,136
5496764,TRAVIS CO.,AUSTIN,4/20/2006,1600,Hail,2.5, ,0,0,0,0,TX,CST, ,206797,C,453,EWX,0,0,TRAINED SPOTTER, , , ,7,N,10,NE,AUSTIN,30.38,-97.75,30.38,-97.63,137
5496763,TRAVIS CO.,AUSTIN,4/20/2006,1600,Hail,1, ,0,0,0,0,TX,CST, ,206797,C,453,EWX,0,0,GENERAL PUBLIC, , , ,3,N,3,N,AUSTIN,30.33,-97.75,30.33,-97.75,138
5496938,TRAVIS CO.,AUSTIN,4/20/2006,1620,Hail,1.75, ,0,0,0,0,TX,CST, ,206805,C,453,EWX,0,0,TRAINED SPOTTER, , , ,5,W,5,W,AUSTIN,30.28,-97.83,30.28,-97.83,139
5496768,TRAVIS CO.,PFLUGERVILLE,4/20/2006,1630,Flash Flood, , ,0,0,0,0,TX,CST, ,206797,C,453,EWX,0,0,LAW ENFORCEMENT, , , , , , , ,PFLUGERVILLE,30.43,-97.62,30.43,-97.62,140
5496769,TRAVIS CO.,PFLUGERVILLE,4/20/2006,1635,Hail,1.75, ,0,0,0,0,TX,CST, ,206797,C,453,EWX,0,0,BROADCAST MEDIA, , , , , , , ,PFLUGERVILLE,30.43,-97.62,30.43,-97.62,141
5496858,TRAVIS CO.,AUSTIN,4/20/2006,1640,Hail,1.75, ,0,0,0,0,TX,CST, ,206797,C,453,EWX,0,0,AMATEUR RADIO, , , ,10,E,10,E,AUSTIN,30.28,-97.58,30.28,-97.58,142
5496868,TRAVIS CO.,AUSTIN,4/20/2006,2030,Thunderstorm Wind,60, ,0,0,0,0,TX,CST,EG,206799,C,453,EWX,0,0,EMERGENCY MANAGER, , , ,9,NW,9,NW,AUSTIN,30.38,-97.85,30.38,-97.85,143
5507208,TRAVIS CO.,AUSTIN,5/2/2006,1617,Hail,1, ,0,0,0,0,TX,CST, ,209830,C,453,EWX,0,0,TRAINED SPOTTER, , , ,4,WSW,4,WSW,AUSTIN,30.27,-97.82,30.27,-97.82,144
5507503,TRAVIS CO.,AUSTIN,5/4/2006,2100,Hail,1, ,0,0,0,0,TX,CST, ,209833,C,453,EWX,0,0,TRAINED SPOTTER, , , , , , , ,AUSTIN,30.28,-97.75,30.28,-97.75,145
5507505,TRAVIS CO.,AUSTIN,5/4/2006,2118,Thunderstorm Wind,63, ,0,0,0,0,TX,CST,MG,209833,C,453,EWX,0,0,OTHER FEDERAL AGENCY, , , , , , , ,AUSTIN,30.28,-97.75,30.28,-97.75,146
5507508,TRAVIS CO.,CENTRAL PORTION,5/4/2006,2125,Thunderstorm Wind,70, ,0,0,0,0,TX,CST,EG,209833,C,453,EWX,0,0,GENERAL PUBLIC, , , , , , , ,CENTRAL PORTION,30.32,-97.77,30.32,-97.77,147
5507509,TRAVIS CO.,AUSTIN-BERGSTROM ARPT,5/4/2006,2130,Thunderstorm Wind,64, ,0,0,100000,0,TX,CST,MG,209833,C,453,EWX,0,0,OFFICIAL NWS OBS., , , , , , , ,AUSTIN-BERGSTROM ARPT,30.2,-97.67,30.2,-97.67,148
5507510,TRAVIS CO.,AUSTIN,5/4/2006,2131,Hail,1.25, ,0,0,0,0,TX,CST, ,209833,C,453,EWX,0,0,GENERAL PUBLIC, , , ,4,NNE,4,NNE,AUSTIN,30.33,-97.72,30.33,-97.72,149
5507512,TRAVIS CO.,COUNTYWIDE,5/4/2006,2150,Flood, , ,0,0,0,0,TX,CST, ,209834,C,453,EWX,0,0,OTHER FEDERAL AGENCY, , , , , , , ,COUNTYWIDE, , , , ,150
5507511,TRAVIS CO.,AUSTIN,5/4/2006,2150,Hail,1.25, ,0,0,0,0,TX,CST, ,209833,C,453,EWX,0,0,AIRPLANE PILOT, , , ,6,SE,6,SE,AUSTIN,30.22,-97.68,30.22,-97.68,151
5507383,TRAVIS CO.,AUSTIN,5/6/2006,201,Hail,0.88, ,0,0,0,0,TX,CST, ,209838,C,453,EWX,0,0,TRAINED SPOTTER, , , ,10,NW,10,NW,AUSTIN,30.38,-97.87,30.38,-97.87,152
5506718,TRAVIS CO.,WEST PORTION,5/6/2006,330,Flash Flood, , ,0,0,0,0,TX,CST, ,209838,C,453,EWX,0,0,LAW ENFORCEMENT, , , , , , , ,WEST PORTION, , , , ,153
5506724,TRAVIS CO.,AUSTIN,5/6/2006,1800,Hail,0.88, ,0,0,0,0,TX,CST, ,209840,C,453,EWX,0,0,TRAINED SPOTTER, , , ,5,N,5,N,AUSTIN,30.35,-97.75,30.35,-97.75,154
5506725,TRAVIS CO.,AUSTIN,5/6/2006,1830,Hail,1, ,0,0,0,0,TX,CST, ,209840,C,453,EWX,0,0,BROADCAST MEDIA, , , ,5,SW,8,SW,AUSTIN,30.23,-97.82,30.2,-97.85,155
5507024,TRAVIS CO.,COUNTYWIDE,5/6/2006,1840,Flood, , ,0,0,0,0,TX,CST, ,209841,C,453,EWX,0,0,OTHER FEDERAL AGENCY, , , , , , , ,COUNTYWIDE, , , , ,156
5507022,TRAVIS CO.,AUSTIN,5/6/2006,1840,Flash Flood, , ,0,0,0,0,TX,CST, ,209840,C,453,EWX,0,0,BROADCAST MEDIA, , , ,8,NW,10,NW,AUSTIN, , , , ,157
5507023,TRAVIS CO.,AUSTIN,5/6/2006,1840,Hail,1, ,0,0,0,0,TX,CST, ,209840,C,453,EWX,0,0,BROADCAST MEDIA, , , ,10,SE,10,SE,AUSTIN,30.18,-97.63,30.18,-97.63,158
5526879,TRAVIS CO.,WEST PORTION,7/4/2006,1700,Flash Flood, , ,0,0,0,0,TX,CST, ,217540,C,453,EWX,0,0,EMERGENCY MANAGER, , , , , , , ,WEST PORTION, , , , ,159
5533734,TRAVIS CO.,AUSTIN,9/23/2006,1635,Hail,1, ,0,0,0,0,TX,CST, ,221395,C,453,EWX,0,0,GENERAL PUBLIC, , , ,11,N,11,N,AUSTIN,30.45,-97.75,30.45,-97.75,160
1706,TRAVIS CO.,(AUS)MUELLER MUNI AR,10/10/2006,617,Thunderstorm Wind,55, ,0,0,100000,0,TX,CST-6,EG,426,C,453,EWX,0,0,Broadcast Media, , , ,12,NNE, , , ,30.46,-97.78, , ,161
1714,TRAVIS CO.,JONESTOWN,10/10/2006,830,Flash Flood, , ,0,0,0,0,TX,CST-6, ,426,C,453,EWX,0,0,Emergency Manager,Heavy Rain, , ,0,N,12,W,JONESTOWN,30.5,-97.9,30.5,-97.7,162
11998,TRAVIS CO.,AUSTIN,1/13/2007,700,Flash Flood, , ,0,0,0,0,TX,CST-6, ,2424,C,453,EWX,0,0,Emergency Manager,Heavy Rain, , ,0,N,10,S,MANOR,30.28,-97.75,30.19,-97.55,163
12012,TRAVIS CO.,AUSTIN,1/13/2007,845,Flood, , ,0,0,0,0,TX,CST-6, ,2424,C,453,EWX,0,0,Other Federal,Heavy Rain, , ,0,N, , , ,30.28,-97.75, , ,164
12013,TRAVIS CO.,AUSTIN,1/13/2007,930,Flood, , ,0,0,0,0,TX,CST-6, ,2424,C,453,EWX,0,0,Other Federal,Heavy Rain, , ,0,N, , , ,30.28,-97.75, , ,165
12136,TRAVIS (ZONE), ,1/15/2007,1500,Winter Storm, , ,0,0,1600000,0,TX,CST-6, ,2434,Z,192,EWX,0,0,Emergency Manager, , , , , , , , , , , , ,166
22335,TRAVIS CO.,LAGO VISTA,3/11/2007,2130,Flash Flood, , ,0,0,0,0,TX,CST-6, ,4005,C,453,EWX,0,0,Emergency Manager,Heavy Rain, , ,0,N, , , ,30.47,-97.98, , ,167
22368,TRAVIS CO.,CREEDMOOR,3/13/2007,1600,Flash Flood, , ,0,0,0,0,TX,CST-6, ,4009,C,453,EWX,0,0,Emergency Manager,Heavy Rain, , ,0,N,0,N,MANOR,30.08,-97.73,30.33,-97.55,168
27697,TRAVIS CO.,AUSTIN,4/13/2007,2030,Thunderstorm Wind,55, ,0,0,50000,0,TX,CST-6,EG,4835,C,453,EWX,0,0,Newspaper, , , ,0,N,3,E,AUSTIN,30.28,-97.75,30.28,-97.7,169
33329,TRAVIS CO.,AUSTIN,5/3/2007,11,Hail,0.88, ,0,0,0,0,TX,CST-6, ,5712,C,453,EWX,0,0,Trained Spotter, , , ,14,NW, , , ,30.42,-97.92, , ,170
33332,TRAVIS CO.,FOUR PTS,5/3/2007,100,Flash Flood, , ,0,0,0,0,TX,CST-6, ,5712,C,453,EWX,0,0,Emergency Manager,Heavy Rain, , ,0,N,0,N,BEECAVES,30.4,-97.85,30.3,-97.95,171
42679,TRAVIS CO.,AUSTIN,6/3/2007,2010,Thunderstorm Wind,65, ,0,0,0,0,TX,CST-6,EG,7431,C,453,EWX,0,0,Law Enforcement, , , ,5,NNW,2,S,AUSTIN,30.35,-97.78,30.25,-97.75,172
42692,TRAVIS CO.,OAK HILL,6/3/2007,2050,Flash Flood, , ,0,0,50000,0,TX,CST-6, ,7431,C,453,EWX,0,0,Emergency Manager,Heavy Rain, , ,0,N,0,N,MANOR,30.23,-97.85,30.33,-97.55,173
42731,TRAVIS CO.,CREEDMOOR,6/20/2007,900,Flash Flood, , ,0,0,0,0,TX,CST-6, ,7441,C,453,EWX,0,0,Emergency Manager,Heavy Rain, , ,0,N,0,N,MANOR,30.08,-97.73,30.33,-97.55,174
42742,TRAVIS CO.,PFLUGERVILLE,6/25/2007,1300,Flash Flood, , ,0,0,30000,0,TX,CST-6, ,7444,C,453,EWX,0,0,Emergency Manager,Heavy Rain, , ,0,N,0,N,OAK HILL,30.43,-97.62,30.23,-97.85,175
42903,TRAVIS CO.,PFLUGERVILLE,6/28/2007,0,Flash Flood, , ,0,0,50000,0,TX,CST-6, ,7466,C,453,EWX,0,0,Emergency Manager,Heavy Rain, , ,0,N,0,N,JONESTOWN,30.43,-97.62,30.5,-97.9,176
49375,TRAVIS CO.,BEECAVES,7/6/2007,1900,Flash Flood, , ,1,0,0,0,TX,CST-6, ,8622,C,453,EWX,0,0,Emergency Manager,Heavy Rain, , ,0,N,5,E,OAK HILL,30.3,-97.95,30.23,-97.77,177
49410,TRAVIS CO.,PFLUGERVILLE,7/20/2007,1000,Flash Flood, , ,0,0,0,0,TX,CST-6, ,8631,C,453,EWX,0,0,Law Enforcement,Heavy Rain, , ,0,N,0,N,DEL VALLE,30.43,-97.62,30.22,-97.67,178
49458,TRAVIS CO.,AUSTIN,7/21/2007,355,Flood, , ,0,0,0,0,TX,CST-6, ,8635,C,453,EWX,0,0,Other Federal,Heavy Rain, , ,0,N, , , ,30.28,-97.75, , ,179
49609,TRAVIS CO.,AUSTIN,7/26/2007,730,Flash Flood, , ,0,0,0,0,TX,CST-6, ,8652,C,453,EWX,0,0,Law Enforcement,Heavy Rain, , ,0,N, , , ,30.28,-97.75, , ,180
49611,TRAVIS CO.,AUSTIN,7/26/2007,800,Flood, , ,0,0,0,0,TX,CST-6, ,8652,C,453,EWX,0,0,Other Federal,Heavy Rain, , ,10,NW, , , ,30.38,-97.87, , ,181
51453,TRAVIS CO.,BEECAVES,8/16/2007,1930,Flash Flood, , ,0,0,0,0,TX,CST-6, ,9047,C,453,EWX,0,0,Emergency Manager,Heavy Rain, , ,10,NW,8,SE,OAK HILL,30.4,-98.07,30.15,-97.76,182
59510,TRAVIS CO.,AUSTIN,9/11/2007,600,Flash Flood, , ,0,0,0,0,TX,CST-6, ,10702,C,453,EWX,0,0,Emergency Manager,Heavy Rain, , ,6,NW,9,NW,AUSTIN,30.34,-97.82,30.37,-97.86,183
90202,TRAVIS CO.,PLEASANT HILL,3/18/2008,1505,Lightning, , ,0,0,5000,0,TX,CST-6, ,15748,C,453,EWX,0,0,Emergency Manager, , , ,1,WSW, , , ,30.2,-97.79, , ,184
94166,TRAVIS CO.,AUSTIN MABRY,4/4/2008,650,Hail,0.75, ,0,0,0,0,TX,CST-6, ,16315,C,453,EWX,0,0,CoCoRaHS, , , ,1,NW, , , ,30.33,-97.78, , ,185
94430,TRAVIS CO.,WEST LAKE HILLS,4/4/2008,656,Hail,0.75, ,0,0,0,0,TX,CST-6, ,16315,C,453,EWX,0,0,Trained Spotter, , , ,1,W, , , ,30.28,-97.81, , ,186
94361,TRAVIS CO.,AUSTIN,4/4/2008,700,Hail,0.75, ,0,0,0,0,TX,CST-6, ,16315,C,453,EWX,0,0,Broadcast Media, , , ,1,SE, , , ,30.27,-97.74, , ,187
94167,TRAVIS CO.,AUSTIN MABRY,4/4/2008,703,Hail,0.75, ,0,0,0,0,TX,CST-6, ,16315,C,453,EWX,0,0,Other Federal, , , ,0,NNW, , , ,30.32,-97.77, , ,188
98456,TRAVIS CO.,AUSTIN MABRY,4/4/2008,703,Hail,0.75, ,0,0,0,0,TX,CST-6, ,16315,C,453,EWX,0,0,Other Federal, , , ,3,NNW, , , ,30.36,-97.78, , ,189
94168,TRAVIS CO.,AUSTIN MABRY,4/4/2008,707,Hail,0.88, ,0,0,0,0,TX,CST-6, ,16315,C,453,EWX,0,0,Trained Spotter, , , ,1,ENE, , , ,30.33,-97.75, , ,190
94169,TRAVIS CO.,(AUS)MUELLER MUNI AR,4/4/2008,710,Hail,0.75, ,0,0,0,0,TX,CST-6, ,16315,C,453,EWX,0,0,CoCoRaHS, , , ,2,ENE, , , ,30.31,-97.67, , ,191
94468,TRAVIS CO.,PFLUGERVILLE,4/25/2008,2027,Hail,1, ,0,0,0,0,TX,CST-6, ,16356,C,453,EWX,0,0,Broadcast Media, , , ,1,N, , , ,30.44,-97.62, , ,192
94469,TRAVIS CO.,FOUR PTS,4/25/2008,2032,Hail,0.88, ,0,0,0,0,TX,CST-6, ,16356,C,453,EWX,0,0,Trained Spotter, , , ,2,NNE, , , ,30.43,-97.84, , ,193
94475,TRAVIS CO.,AUSTIN MABRY,4/25/2008,2050,Hail,0.88, ,0,0,0,0,TX,CST-6, ,16356,C,453,EWX,0,0,Trained Spotter, , , ,2,NNE, , , ,30.35,-97.75, , ,194
94476,TRAVIS CO.,AUSTIN MABRY,4/25/2008,2102,Hail,0.88, ,0,0,0,0,TX,CST-6, ,16356,C,453,EWX,0,0,Trained Spotter, , , ,2,NNE, , , ,30.35,-97.75, , ,195
94477,TRAVIS CO.,AUSTIN MABRY,4/25/2008,2107,Flash Flood, , ,0,0,0,0,TX,CST-6, ,16356,C,453,EWX,0,0,Department of Highways,Heavy Rain, , ,3,NNW,3,NNW,AUSTIN MABRY,30.37,-97.79,30.37,-97.79,196
96155,TRAVIS CO.,LAKE TRAVIS,4/27/2008,523,Hail,0.75, ,0,0,0,0,TX,CST-6, ,16368,C,453,EWX,0,0,CoCoRaHS, , , ,1,E, , , ,30.43,-98.01, , ,197
96156,TRAVIS CO.,LAKE TRAVIS,4/27/2008,530,Hail,1, ,0,0,0,0,TX,CST-6, ,16368,C,453,EWX,0,0,CoCoRaHS, , , ,2,SE, , , ,30.41,-98.01, , ,198
96158,TRAVIS CO.,AUSTIN LAKEWAY ARPT,4/27/2008,545,Lightning, , ,0,0,30000,0,TX,CST-6, ,16368,C,453,EWX,0,0,Newspaper, , , ,3,ENE, , , ,30.37,-97.95, , ,199
96220,TRAVIS CO.,OAK HILL,4/27/2008,620,Flash Flood, , ,0,0,0,0,TX,CST-6, ,16368,C,453,EWX,0,0,Law Enforcement,Heavy Rain, , ,1,WNW,1,NW,OAK HILL,30.23,-97.86,30.23,-97.86,200
96224,TRAVIS CO.,VINSON,4/27/2008,645,Flash Flood, , ,0,0,0,0,TX,CST-6, ,16368,C,453,EWX,0,0,Law Enforcement,Heavy Rain, , ,2,NNE,2,NNE,VINSON,30.25,-97.77,30.25,-97.77,201
96230,TRAVIS CO.,VINSON,4/27/2008,710,Flash Flood, , ,0,0,0,0,TX,CST-6, ,16368,C,453,EWX,0,0,Law Enforcement,Heavy Rain, , ,1,SE,1,SE,VINSON,30.21,-97.77,30.21,-97.77,202
96227,TRAVIS CO.,DEL VALLE,4/27/2008,710,Flash Flood, , ,0,0,0,0,TX,CST-6, ,16368,C,453,EWX,0,0,Law Enforcement,Heavy Rain, , ,1,WSW,1,WSW,DEL VALLE,30.22,-97.69,30.21,-97.69,203
96232,TRAVIS CO.,AUSTIN MABRY,4/27/2008,825,Flash Flood, , ,0,0,0,0,TX,CST-6, ,16368,C,453,EWX,0,0,Law Enforcement,Heavy Rain, , ,4,NNW,4,NNW,AUSTIN MABRY,30.37,-97.79,30.37,-97.78,204
102097,TRAVIS CO.,OAK HILL,5/10/2008,1814,Hail,1, ,0,0,0,0,TX,CST-6, ,17663,C,453,EWX,0,0,Amateur Radio, , , ,1,NW, , , ,30.24,-97.86, , ,205
102098,TRAVIS CO.,AUSTIN MABRY,5/10/2008,1815,Hail,1.75, ,0,0,0,0,TX,CST-6, ,17663,C,453,EWX,0,0,Broadcast Media, , , ,2,SSW, , , ,30.3,-97.78, , ,206
102100,TRAVIS CO.,AUSTIN,5/10/2008,1820,Hail,1.25, ,0,0,0,0,TX,CST-6, ,17663,C,453,EWX,0,0,Trained Spotter, , , ,1,N, , , ,30.29,-97.74, , ,207
102099,TRAVIS CO.,AUSTIN,5/10/2008,1820,Hail,1.25, ,0,0,0,0,TX,CST-6, ,17663,C,453,EWX,0,0,Trained Spotter, , , ,2,NNE, , , ,30.29,-97.73, , ,208
102101,TRAVIS CO.,AUSTIN,5/10/2008,1822,Hail,1.5, ,0,0,0,0,TX,CST-6, ,17663,C,453,EWX,0,0,Public, , , ,1,N, , , ,30.29,-97.74, , ,209
102102,TRAVIS CO.,(AUS)MUELLER MUNI AR,5/10/2008,1825,Hail,1, ,0,0,0,0,TX,CST-6, ,17663,C,453,EWX,0,0,Public, , , ,1,WNW, , , ,30.31,-97.72, , ,210
102106,TRAVIS CO.,(AUS)MUELLER MUNI AR,5/10/2008,1827,Hail,1, ,0,0,0,0,TX,CST-6, ,17663,C,453,EWX,0,0,CoCoRaHS, , , ,2,ENE, , , ,30.31,-97.67, , ,211
102104,TRAVIS CO.,AUSTIN MABRY,5/10/2008,1827,Hail,2.25, ,0,0,0,0,TX,CST-6, ,17663,C,453,EWX,0,0,Law Enforcement, , , ,1,SE, , , ,30.31,-97.76, , ,212
102105,TRAVIS CO.,AUSTIN MABRY,5/10/2008,1827,Hail,2, ,0,0,0,0,TX,CST-6, ,17663,C,453,EWX,0,0,CoCoRaHS, , , ,1,NE, , , ,30.33,-97.76, , ,213
102107,TRAVIS CO.,AUSTIN MABRY,5/10/2008,1830,Hail,1.75, ,0,0,0,0,TX,CST-6, ,17663,C,453,EWX,0,0,NWS Employee, , , ,1,ESE, , , ,30.31,-97.75, , ,214
102109,TRAVIS CO.,(AUS)MUELLER MUNI AR,5/10/2008,1838,Hail,1.75, ,0,0,0,0,TX,CST-6, ,17663,C,453,EWX,0,0,Broadcast Media, , , ,2,NW, , , ,30.32,-97.72, , ,215
102110,TRAVIS CO.,(AUS)MUELLER MUNI AR,5/10/2008,1840,Hail,2.5, ,0,0,0,0,TX,CST-6, ,17663,C,453,EWX,0,0,Broadcast Media, , , ,2,WNW, , , ,30.31,-97.73, , ,216
102111,TRAVIS CO.,(AUS)MUELLER MUNI AR,5/10/2008,1841,Hail,1.75, ,0,0,0,0,TX,CST-6, ,17663,C,453,EWX,0,0,Public, , , ,1,WNW, , , ,30.31,-97.72, , ,217
102119,TRAVIS CO.,DEL VALLE,5/10/2008,1845,Hail,1.75, ,0,0,0,0,TX,CST-6, ,17663,C,453,EWX,0,0,Broadcast Media, , , ,1,W, , , ,30.22,-97.68, , ,218
102353,TRAVIS CO.,JONESTOWN,5/14/2008,2016,Hail,1.25, ,0,0,0,0,TX,CST-6, ,17667,C,453,EWX,0,0,Public, , , ,4,NE, , , ,30.54,-97.86, , ,219
102355,TRAVIS CO.,AUSTIN MABRY,5/14/2008,2030,Hail,2.5, ,0,0,0,0,TX,CST-6, ,17667,C,453,EWX,0,0,Storm Chaser, , , ,1,ESE, , , ,30.31,-97.75, , ,220
102382,TRAVIS CO.,BEECAVES,5/14/2008,2314,Hail,1, ,0,0,0,0,TX,CST-6, ,17709,C,453,EWX,0,0,Public, , , ,1,WNW, , , ,30.31,-97.97, , ,221
102384,TRAVIS CO.,AUSTIN MABRY,5/14/2008,2327,Hail,1, ,0,0,0,0,TX,CST-6, ,17709,C,453,EWX,0,0,Law Enforcement, , , ,1,SE, , , ,30.31,-97.76, , ,222
102407,TRAVIS CO.,AUSTIN MABRY,5/14/2008,2330,Thunderstorm Wind,51, ,0,0,0,0,TX,CST-6,MG,17709,C,453,EWX,0,0,Broadcast Media, , , ,1,ESE, , , ,30.31,-97.75, , ,223
102417,TRAVIS CO.,AUSTIN,5/14/2008,2330,Thunderstorm Wind,70, ,0,0,50000000,0,TX,CST-6,EG,17709,C,453,EWX,0,0,NWS Storm Survey, , , ,0,N, , , ,30.27,-97.74, , ,224
102401,TRAVIS CO.,MC NEIL,5/14/2008,2330,Hail,0.75, ,0,0,0,0,TX,CST-6, ,17709,C,453,EWX,0,0,Broadcast Media, , , ,2,WSW, , , ,30.44,-97.75, , ,225
102403,TRAVIS CO.,AUSTIN MABRY,5/14/2008,2330,Hail,2, ,0,0,100000,0,TX,CST-6, ,17709,C,453,EWX,0,0,Broadcast Media, , , ,1,E, , , ,30.32,-97.75, , ,226
102404,TRAVIS CO.,(AUS)MUELLER MUNI AR,5/14/2008,2330,Hail,2.75, ,0,0,100000,0,TX,CST-6, ,17709,C,453,EWX,0,0,Law Enforcement, , , ,1,E, , , ,30.3,-97.69, , ,227
102397,TRAVIS CO.,AUSTIN,5/14/2008,2330,Hail,1.75, ,0,0,1000,0,TX,CST-6, ,17709,C,453,EWX,0,0,Trained Spotter, , , ,2,NNW, , , ,30.29,-97.75, , ,228
102405,TRAVIS CO.,(AUS)MUELLER MUNI AR,5/14/2008,2330,Hail,2.75, ,0,0,100000,0,TX,CST-6, ,17709,C,453,EWX,0,0,Law Enforcement, , , ,1,E, , , ,30.3,-97.69, , ,229
102406,TRAVIS CO.,AUSTIN MABRY,5/14/2008,2330,Thunderstorm Wind,70, ,0,0,0,0,TX,CST-6,EG,17709,C,453,EWX,0,0,Broadcast Media, , , ,1,NE, , , ,30.33,-97.76, , ,230
102408,TRAVIS CO.,(AUS)MUELLER MUNI AR,5/14/2008,2335,Hail,1.75, ,0,0,0,0,TX,CST-6, ,17709,C,453,EWX,0,0,Public, , , ,1,W, , , ,30.3,-97.71, , ,231
102409,TRAVIS CO.,(AUS)MUELLER MUNI AR,5/14/2008,2345,Hail,1.75, ,0,0,0,0,TX,CST-6, ,17709,C,453,EWX,0,0,Broadcast Media, , , ,2,WNW, , , ,30.31,-97.73, , ,232
102410,TRAVIS CO.,(AUS)MUELLER MUNI AR,5/14/2008,2345,Hail,4, ,0,0,1000,0,TX,CST-6, ,17709,C,453,EWX,0,0,Public, , , ,1,SW, , , ,30.29,-97.71, , ,233
102411,TRAVIS CO.,(AUS)MUELLER MUNI AR,5/15/2008,0,Thunderstorm Wind,55, ,0,0,0,0,TX,CST-6,EG,17709,C,453,EWX,0,0,Broadcast Media, , , ,1,WSW, , , ,30.29,-97.72, , ,234
102413,TRAVIS CO.,AUSTIN MABRY,5/15/2008,15,Hail,1, ,0,0,0,0,TX,CST-6, ,17709,C,453,EWX,0,0,Broadcast Media, , , ,1,ESE, , , ,30.31,-97.75, , ,235
96272,TRAVIS CO.,VINSON,6/21/2008,1300,Thunderstorm Wind,50, ,0,0,5000,0,TX,CST-6,EG,16699,C,453,EWX,0,0,Broadcast Media, , , ,2,E, , , ,30.22,-97.75, , ,236
96268,TRAVIS CO.,SPRINKLE,6/21/2008,1555,Hail,2, ,0,0,0,0,TX,CST-6, ,16699,C,453,EWX,0,0,Public, , , ,1,E, , , ,30.35,-97.61, , ,237
96270,TRAVIS CO.,MANOR,6/21/2008,1610,Hail,0.88, ,0,0,0,0,TX,CST-6, ,16699,C,453,EWX,0,0,Public, , , ,2,NNW, , , ,30.36,-97.56, , ,238
137624,TRAVIS CO.,AUSTIN MABRY,10/7/2008,215,Lightning, , ,0,0,500000,0,TX,CST-6, ,23596,C,453,EWX,0,0,Broadcast Media, , , ,2,N, , , ,30.35,-97.78, , ,239
137626,TRAVIS CO.,AUSTIN BIRDSNEST ARP,11/11/2008,1705,Hail,0.75, ,0,0,0,0,TX,CST-6, ,23599,C,453,EWX,0,0,Airplane Pilot, , , ,0,SSE, , , ,30.39,-97.57, , ,240
143589,TRAVIS (ZONE), ,1/27/2009,1800,Winter Storm, , ,0,0,0,0,TX,CST-6, ,24681,Z,192,EWX,0,0,Emergency Manager, , , , , , , , , , , , ,241
145978,TRAVIS CO.,PFLUGERVILLE,2/10/2009,2155,Hail,0.75, ,0,0,0,0,TX,CST-6, ,24972,C,453,EWX,0,0,Broadcast Media, , , ,0,N, , , ,30.43,-97.62, , ,242
145966,TRAVIS CO.,SPRINKLE,2/10/2009,2155,Thunderstorm Wind,60, ,0,0,0,0,TX,CST-6,EG,24972,C,453,EWX,0,0,Emergency Manager, , , ,2,WSW, , , ,30.34,-97.66, , ,243
155232,TRAVIS CO.,LAGO VISTA,3/25/2009,1630,Hail,1, ,0,0,0,0,TX,CST-6, ,26123,C,453,EWX,0,0,Amateur Radio, , , ,1,W, , , ,30.47,-98, , ,244
161324,TRAVIS CO.,FOUR PTS,3/25/2009,1640,Hail,1, ,0,0,0,0,TX,CST-6, ,26123,C,453,EWX,0,0,Amateur Radio, , , ,4,NE, , , ,30.45,-97.81, , ,245
161327,TRAVIS CO.,AUSTIN,3/25/2009,1642,Hail,1.75, ,0,0,0,0,TX,CST-6, ,26123,C,453,EWX,0,0,Trained Spotter, , , ,0,N, , , ,30.27,-97.74, , ,246
155235,TRAVIS CO.,JONESTOWN,3/25/2009,1642,Hail,3, ,0,0,160000000,0,TX,CST-6, ,26123,C,453,EWX,0,0,Broadcast Media, , , ,4,E,3,NNE,WILLIAMSON,30.51,-97.83,30.27,-97.64,247
161325,TRAVIS CO.,FOUR PTS,3/25/2009,1644,Hail,1.75, ,0,0,0,0,TX,CST-6, ,26123,C,453,EWX,0,0,Trained Spotter, , , ,3,NNE, , , ,30.44,-97.82, , ,248
155623,TRAVIS CO.,MC NEIL,3/25/2009,1645,Thunderstorm Wind,39, ,0,0,50000,0,TX,CST-6,EG,26123,C,453,EWX,0,0,Emergency Manager, , , ,2,WSW, , , ,30.44,-97.76, , ,249
161317,TRAVIS CO.,MC NEIL,3/25/2009,1645,Hail,3.5, ,0,0,0,0,TX,CST-6, ,26123,C,453,EWX,0,0,Broadcast Media, , , ,3,WSW, , , ,30.43,-97.76, , ,250
161333,TRAVIS CO.,MC NEIL,3/25/2009,1645,Hail,2.5, ,0,0,0,0,TX,CST-6, ,26123,C,453,EWX,0,0,CoCoRaHS, , , ,4,SW, , , ,30.41,-97.77, , ,251
161334,TRAVIS CO.,FOUR PTS,3/25/2009,1645,Hail,2.5, ,0,0,0,0,TX,CST-6, ,26123,C,453,EWX,0,0,COOP Observer, , , ,2,E, , , ,30.4,-97.81, , ,252
161335,TRAVIS CO.,MC NEIL,3/25/2009,1645,Hail,2.5, ,0,0,0,0,TX,CST-6, ,26123,C,453,EWX,0,0,CoCoRaHS, , , ,2,SW, , , ,30.43,-97.74, , ,253
161336,TRAVIS CO.,MC NEIL,3/25/2009,1645,Hail,2.5, ,0,0,0,0,TX,CST-6, ,26123,C,453,EWX,0,0,Trained Spotter, , , ,4,W, , , ,30.44,-97.79, , ,254
161338,TRAVIS CO.,MC NEIL,3/25/2009,1645,Hail,2, ,0,0,0,0,TX,CST-6, ,26123,C,453,EWX,0,0,Amateur Radio, , , ,1,ESE, , , ,30.44,-97.7, , ,255
161332,TRAVIS CO.,WATERS ROCK,3/25/2009,1645,Hail,2.75, ,0,0,0,0,TX,CST-6, ,26123,C,453,EWX,0,0,Amateur Radio, , , ,2,WSW, , , ,30.41,-97.73, , ,256
161343,TRAVIS CO.,WATERS ROCK,3/25/2009,1655,Hail,2.5, ,0,0,0,0,TX,CST-6, ,26123,C,453,EWX,0,0,CoCoRaHS, , , ,2,WSW, , , ,30.41,-97.74, , ,257
161337,TRAVIS CO.,THREE PT,3/25/2009,1655,Hail,2, ,0,0,0,0,TX,CST-6, ,26123,C,453,EWX,0,0,Trained Spotter, , , ,1,SE, , , ,30.44,-97.64, , ,258
155627,TRAVIS CO.,MC NEIL,3/25/2009,1700,Hail,2, ,0,0,10000,0,TX,CST-6, ,26123,C,453,EWX,0,0,CoCoRaHS, , , ,3,SW,5,NNW,THREE PT,30.42,-97.76,30.52,-97.67,259
164572,TRAVIS (ZONE), ,4/2/2009,1029,Strong Wind,45, ,0,0,10000,0,TX,CST-6,EG,28046,Z,192,EWX,0,0,Emergency Manager, , , , , , , , , , , , ,260
166918,TRAVIS (ZONE), ,4/2/2009,1307,Strong Wind,45, ,0,0,10000,0,TX,CST-6,EG,28046,Z,192,EWX,0,0,Emergency Manager, , , , , , , , , , , , ,261
166919,TRAVIS (ZONE), ,4/2/2009,1337,Strong Wind,40, ,0,0,10000,0,TX,CST-6,EG,28046,Z,192,EWX,0,0,Emergency Manager, , , , , , , , , , , , ,262
166922,TRAVIS (ZONE), ,4/2/2009,1355,Strong Wind,39, ,0,0,10000,0,TX,CST-6,EG,28046,Z,192,EWX,0,0,Trained Spotter, , , , , , , , , , , , ,263
166924,TRAVIS (ZONE), ,4/2/2009,1417,Strong Wind,40, ,0,0,10000,0,TX,CST-6,EG,28046,Z,192,EWX,0,0,Emergency Manager, , , , , , , , , , , , ,264
166925,TRAVIS (ZONE), ,4/2/2009,1440,Strong Wind,45, ,0,0,100000,0,TX,CST-6,EG,28046,Z,192,EWX,0,0,Utility Company, , , , , , , , , , , , ,265
163649,TRAVIS CO.,DODD CITY,6/3/2009,100,Lightning, , ,0,0,10000,0,TX,CST-6, ,27894,C,453,EWX,0,0,Broadcast Media, , , ,2,W, , , ,30.43,-97.94, , ,266
171644,TRAVIS CO.,CEDAR VLY,6/11/2009,1915,Heavy Rain, , ,0,0,0,0,TX,CST-6, ,29238,C,453,EWX,0,0,Amateur Radio, , , ,3,ESE, , , ,30.2,-97.91, , ,267
171637,TRAVIS CO.,MC NEIL,6/11/2009,1940,Hail,1, ,0,0,0,0,TX,CST-6, ,29238,C,453,EWX,0,0,Trained Spotter, , , ,2,W, , , ,30.45,-97.75, , ,268
171881,TRAVIS CO.,MARSHALL FORD,6/11/2009,1945,Hail,0.75, ,0,0,0,0,TX,CST-6, ,29238,C,453,EWX,0,0,Broadcast Media, , , ,1,ESE, , , ,30.37,-97.86, , ,269
171640,TRAVIS CO.,MARSHALL FORD,6/11/2009,1949,Hail,0.75, ,0,0,0,0,TX,CST-6, ,29238,C,453,EWX,0,0,Public, , , ,1,ESE,3,WSW,WATERS ROCK,30.37,-97.86,30.4,-97.75,270
171883,TRAVIS CO.,RICHLAND,6/11/2009,2007,Hail,0.88, ,0,0,0,0,TX,CST-6, ,29238,C,453,EWX,0,0,Public, , , ,3,WNW, , , ,30.44,-97.57, , ,271
171641,TRAVIS CO.,PFLUGERVILLE,6/11/2009,2007,Hail,1.75, ,0,0,0,0,TX,CST-6, ,29238,C,453,EWX,0,0,Trained Spotter, , , ,1,N,0,WNW,AUSTIN BIRDSNEST ARP,30.44,-97.62,30.4,-97.57,272
171889,TRAVIS CO.,PFLUGERVILLE,6/11/2009,2022,Hail,1.75, ,0,0,0,0,TX,CST-6, ,29238,C,453,EWX,0,0,Trained Spotter, , , ,1,N, , , ,30.44,-97.62, , ,273
171647,TRAVIS CO.,WEST LAKE HILLS,6/11/2009,2025,Hail,1.75, ,0,0,0,0,TX,CST-6, ,29238,C,453,EWX,0,0,Fire Department/Rescue, , , ,2,NNW, , , ,30.3,-97.81, , ,274
171649,TRAVIS CO.,AUSTIN MABRY,6/11/2009,2040,Flash Flood, , ,0,0,0,0,TX,CST-6, ,29238,C,453,EWX,0,0,Public,Heavy Rain, , ,3,NNW,3,NNW,AUSTIN MABRY,30.36,-97.79,30.36,-97.79,275
171671,TRAVIS CO.,AUSTIN,6/11/2009,2100,Flash Flood, , ,0,0,2000000,0,TX,CST-6, ,29238,C,453,EWX,0,0,Emergency Manager,Heavy Rain, , ,0,NE,0,ENE,AUSTIN,30.27,-97.74,30.27,-97.73,276
173720,TRAVIS CO.,VINSON,6/30/2009,800,Lightning, , ,0,0,100000,0,TX,CST-6, ,29631,C,453,EWX,0,0,Broadcast Media, , , ,1,NNW, , , ,30.24,-97.79, , ,277
173721,TRAVIS CO.,PLEASANT HILL,6/30/2009,815,Lightning, , ,0,0,150000,0,TX,CST-6, ,29631,C,453,EWX,0,0,Broadcast Media, , , ,2,ESE, , , ,30.19,-97.75, , ,278
188841,TRAVIS CO.,AUSTIN,8/12/2009,1455,Thunderstorm Wind,50, ,0,0,2000,0,TX,CST-6,EG,32243,C,453,EWX,0,0,Emergency Manager, , , ,1,NW, , , ,30.28,-97.75, , ,279
189424,TRAVIS CO.,THREE PT,8/26/2009,1932,Thunderstorm Wind,52, ,0,0,2000,0,TX,CST-6,EG,32346,C,453,EWX,0,0,COOP Observer, , , ,5,NE, , , ,30.5,-97.59, , ,280
190279,TRAVIS CO.,MARSHALL FORD,8/27/2009,1640,Thunderstorm Wind,50, ,0,0,10000,0,TX,CST-6,EG,32505,C,453,EWX,0,0,CoCoRaHS, , , ,1,ESE, , , ,30.37,-97.86, , ,281
193159,TRAVIS CO.,AUSTIN MABRY,9/12/2009,1310,Flash Flood, , ,0,0,0,0,TX,CST-6, ,33151,C,453,EWX,0,0,Emergency Manager,Heavy Rain, , ,4,N,5,N,AUSTIN MABRY,30.38,-97.78,30.39,-97.77,282
193171,TRAVIS CO.,AUSTIN MABRY,9/12/2009,1436,Flash Flood, , ,0,0,0,0,TX,CST-6, ,33151,C,453,EWX,0,0,Other Federal Agency,Heavy Rain, , ,4,N,3,N,AUSTIN MABRY,30.37,-97.78,30.37,-97.78,283
193173,TRAVIS CO.,FOUR PTS,9/12/2009,1735,Flash Flood, , ,0,0,0,0,TX,CST-6, ,33151,C,453,EWX,0,0,Unknown,Heavy Rain, , ,4,ENE,4,E,FOUR PTS,30.42,-97.79,30.41,-97.78,284
194242,TRAVIS CO.,WEST LAKE HILLS,9/22/2009,410,Flash Flood, , ,0,0,0,0,TX,CST-6, ,33381,C,453,EWX,0,0,Fire Department/Rescue,Heavy Rain, , ,1,W,4,N,AUSTIN MABRY,30.28,-97.81,30.37,-97.78,285
192515,TRAVIS CO.,NAMELESS,10/1/2009,2100,Hail,0.88, ,0,0,0,0,TX,CST-6, ,33026,C,453,EWX,0,0,CoCoRaHS, , , ,3,NNE, , , ,30.56,-97.89, , ,286
198344,TRAVIS CO.,LAKE TRAVIS,10/22/2009,1031,Flood, , ,0,0,500000,0,TX,CST-6, ,33570,C,453,EWX,0,0,Utility Company,Heavy Rain, , ,3,NNW,2,WSW,LAGO VISTA,30.47,-98.04,30.46,-98.02,287
222983,TRAVIS CO.,LAKE TRAVIS,4/23/2010,1728,Hail,1, ,0,0,0,0,TX,CST-6, ,38045,C,453,EWX,0,0,Trained Spotter, , , ,1,WSW, , , ,30.42,-98.05, , ,288
227059,TRAVIS CO.,MANSFIELD DAM,5/17/2010,1745,Hail,0.88, ,0,0,0,0,TX,CST-6, ,39102,C,453,EWX,0,0,Trained Spotter, , , ,2,SSW, , , ,30.31,-97.91, , ,289
239066,TRAVIS CO.,FISKVILLE,6/9/2010,334,Flash Flood, , ,0,0,0,0,TX,CST-6, ,40961,C,453,EWX,0,0,Emergency Manager,Heavy Rain, , ,3,WNW,4,N,AUSTIN MABRY,30.36,-97.75,30.38,-97.77,290
240888,TRAVIS CO.,AUSTIN,6/9/2010,354,Lightning, , ,0,0,600000,0,TX,CST-6, ,40961,C,453,EWX,0,0,Broadcast Media, , , ,8,NE, , , ,30.35,-97.65, , ,291
240884,TRAVIS CO.,DEL VALLE,6/29/2010,1600,Flash Flood, , ,0,0,0,0,TX,CST-6, ,41013,C,453,EWX,0,0,Fire Department/Rescue,Heavy Rain, , ,2,NNW,3,WSW,DAFFAN,30.25,-97.68,30.31,-97.66,292
256920,TRAVIS CO.,AUSTIN,8/24/2010,1715,Thunderstorm Wind,50, ,0,0,0,0,TX,CST-6,EG,42426,C,453,EWX,0,0,Broadcast Media, , , ,6,SE, , , ,30.21,-97.67, , ,293
260913,TRAVIS CO.,DEL VALLE,9/7/2010,837,Flash Flood, , ,0,0,0,0,TX,CST-6, ,42660,C,453,EWX,0,0,Department of Highways,Heavy Rain, , ,1,WSW,1,WSW,DEL VALLE,30.21,-97.69,30.22,-97.69,294
260925,TRAVIS CO.,VINSON,9/7/2010,1805,Flash Flood, , ,0,0,0,0,TX,CST-6, ,42660,C,453,EWX,0,0,Department of Highways,Heavy Rain, , ,1,SE,4,W,WEST LAKE HILLS,30.21,-97.77,30.28,-97.86,295
260926,TRAVIS CO.,THREE PT,9/7/2010,1820,Flash Flood, , ,0,0,0,0,TX,CST-6, ,42660,C,453,EWX,0,0,Public,Heavy Rain, , ,5,NNE,5,NE,THREE PT,30.52,-97.61,30.5,-97.59,296
260934,TRAVIS CO.,AUSTIN,9/7/2010,2045,Flash Flood, , ,0,0,0,0,TX,CST-6, ,42660,C,453,EWX,0,0,Law Enforcement,Heavy Rain, , ,0,N,1,W,BLUFF SPGS,30.27,-97.74,30.17,-97.79,297
260955,TRAVIS CO.,AUSTIN MABRY,9/7/2010,2300,Flash Flood, , ,1,0,0,0,TX,CST-6, ,42660,C,453,EWX,0,0,County Official,Heavy Rain, , ,3,NNW,2,NW,AUSTIN MABRY,30.36,-97.79,30.35,-97.79,298
260964,TRAVIS CO.,AUSTIN BIRDSNEST ARP,9/8/2010,346,Flash Flood, , ,0,0,0,0,TX,CST-6, ,42660,C,453,EWX,0,0,Department of Highways,Heavy Rain, , ,2,S,9,SE,GARFIELD,30.37,-97.56,30.08,-97.48,299
261043,TRAVIS CO.,JONESTOWN,9/8/2010,1400,Flash Flood, , ,0,0,0,0,TX,CST-6, ,42660,C,453,EWX,0,0,County Official,Heavy Rain, , ,2,SSE,3,ESE,JONESTOWN,30.48,-97.89,30.48,-97.85,300
270112,TRAVIS CO.,CELE,2/1/2011,315,Thunderstorm Wind,61, ,0,0,0,0,TX,CST-6,MG,46585,C,453,EWX,0,0,Storm Chaser, , , ,5,NW, , , ,30.48,-97.57, , ,301
277067,TRAVIS (ZONE), ,2/3/2011,2000,Winter Storm, , ,0,0,0,0,TX,CST-6, ,46768,Z,192,EWX,3,2,Law Enforcement, , , , , , , , , , , , ,302
281906,TRAVIS (ZONE), ,2/9/2011,538,Winter Weather, , ,0,0,0,0,TX,CST-6, ,46769,Z,192,EWX,0,0,Law Enforcement, , , , , , , , , , , , ,303
292089,TRAVIS CO.,WATERS ROCK,4/4/2011,645,Hail,0.75, ,0,0,0,0,TX,CST-6, ,48536,C,453,EWX,0,0,Trained Spotter, , , ,2,SW, , , ,30.4,-97.73, , ,304
292093,TRAVIS CO.,AUSTIN MABRY,4/11/2011,353,Hail,0.88, ,0,0,0,0,TX,CST-6, ,48537,C,453,EWX,0,0,Public, , , ,3,NNW, , , ,30.36,-97.78, , ,305
283642,TRAVIS CO.,MANOR,4/11/2011,405,Thunderstorm Wind,50, ,0,0,500,0,TX,CST-6,EG,48537,C,453,EWX,0,0,Public, , , ,2,NNW, , , ,30.35,-97.56, , ,306
285994,TRAVIS (ZONE), ,4/17/2011,1200,Wildfire, , ,0,0,2000000,0,TX,CST-6, ,48865,Z,192,EWX,0,0,Emergency Manager, , , , , , , , , , , , ,307
297966,TRAVIS CO.,BLUFF SPGS,5/12/2011,755,Hail,1, ,0,0,0,0,TX,CST-6, ,50337,C,453,EWX,0,0,Public, , , ,3,W, , , ,30.17,-97.82, , ,308
297982,TRAVIS CO.,AUSTIN MABRY,5/12/2011,837,Hail,0.75, ,0,0,0,0,TX,CST-6, ,50337,C,453,EWX,0,0,Public, , , ,2,NNE, , , ,30.35,-97.75, , ,309
298014,TRAVIS CO.,AUSTIN BIRDSNEST ARP,5/12/2011,908,Hail,0.88, ,0,0,0,0,TX,CST-6, ,50337,C,453,EWX,0,0,Storm Chaser, , , ,2,SSW, , , ,30.38,-97.58, , ,310
297993,TRAVIS CO.,WILLIAMSON,5/12/2011,908,Hail,0.88, ,0,0,0,0,TX,CST-6, ,50337,C,453,EWX,0,0,Storm Chaser, , , ,2,E, , , ,30.23,-97.62, , ,311
297996,TRAVIS CO.,AUSTIN BIRDSNEST ARP,5/12/2011,908,Thunderstorm Wind,52, ,0,0,0,0,TX,CST-6,EG,50337,C,453,EWX,0,0,Storm Chaser, , , ,2,SSW, , , ,30.38,-97.58, , ,312
298002,TRAVIS CO.,OAK HILL,5/12/2011,945,Thunderstorm Wind,50, ,0,0,0,0,TX,CST-6,EG,50337,C,453,EWX,0,0,Public, , , ,1,S, , , ,30.22,-97.85, , ,313
298013,TRAVIS CO.,DEL VALLE,5/12/2011,1135,Flash Flood, , ,0,0,0,0,TX,CST-6, ,50337,C,453,EWX,0,0,Department of Highways,Heavy Rain, , ,1,WSW,1,WSW,DEL VALLE,30.21,-97.69,30.22,-97.69,314
298189,TRAVIS CO.,BEECAVES,5/20/2011,1851,Hail,0.88, ,0,0,0,0,TX,CST-6, ,50375,C,453,EWX,0,0,Public, , , ,1,NW, , , ,30.31,-97.96, , ,315
298192,TRAVIS CO.,AUSTIN MABRY,5/20/2011,1910,Thunderstorm Wind,40, ,0,0,1000,0,TX,CST-6,EG,50375,C,453,EWX,0,0,Public, , , ,2,NE, , , ,30.34,-97.75, , ,316
298193,TRAVIS CO.,BEECAVES,5/20/2011,1911,Hail,0.75, ,0,0,0,0,TX,CST-6, ,50375,C,453,EWX,0,0,Trained Spotter, , , ,1,E, , , ,30.3,-97.93, , ,317
293699,TRAVIS CO.,FISKVILLE,5/25/2011,405,Hail,1, ,0,0,0,0,TX,CST-6, ,49975,C,453,EWX,0,0,CoCoRaHS, , , ,1,WNW, , , ,30.36,-97.72, , ,318
293698,TRAVIS CO.,FISKVILLE,5/25/2011,407,Hail,1.5, ,0,0,0,0,TX,CST-6, ,49975,C,453,EWX,0,0,Trained Spotter, , , ,1,WNW, , , ,30.36,-97.72, , ,319
349878,TRAVIS (ZONE), ,9/4/2011,1200,Wildfire, , ,0,0,6000000,0,TX,CST-6, ,58329,Z,192,EWX,0,0,State Official, , , , , , , , , , , , ,320
349874,TRAVIS (ZONE), ,9/4/2011,1200,Wildfire, , ,0,0,10000000,0,TX,CST-6, ,58326,Z,192,EWX,0,0,State Official, , , , , , , , , , , , ,321
349871,TRAVIS CO.,BEECAVES,9/18/2011,1725,Hail,0.88, ,0,0,0,0,TX,CST-6, ,57751,C,453,EWX,0,0,Trained Spotter, , , ,1,NW, , , ,30.31,-97.96, , ,322
355160,TRAVIS CO.,AUSTIN MABRY,1/24/2012,1045,Hail,0.88, ,0,0,0,0,TX,CST-6, ,59420,C,453,EWX,0,0,Trained Spotter, , , ,2,WNW, , , ,30.33,-97.81, , ,323
355161,TRAVIS CO.,WATERS ROCK,1/24/2012,1105,Hail,1.75, ,0,0,0,0,TX,CST-6, ,59420,C,453,EWX,0,0,Trained Spotter, , , ,3,SW, , , ,30.39,-97.73, , ,324
355177,TRAVIS CO.,DAFFAN,1/25/2012,258,Tornado, ,EF1,0,0,0,0,TX,CST-6, ,59420,C,453,EWX,0,0,NWS Storm Survey, ,1.11,50,2,W,2,WSW,SPRINKLE,30.32,-97.65,30.34,-97.66,325
355165,TRAVIS CO.,VINSON,1/25/2012,258,Flash Flood, , ,0,0,0,0,TX,CST-6, ,59420,C,453,EWX,0,0,Emergency Manager,Heavy Rain, , ,1,SE,1,NE,PLEASANT HILL,30.21,-97.77,30.21,-97.77,326
355178,TRAVIS CO.,DESSAU,1/25/2012,300,Thunderstorm Wind,52, ,0,0,0,0,TX,CST-6,EG,59420,C,453,EWX,0,0,NWS Storm Survey, , , ,0,NNE, , , ,30.41,-97.63, , ,327
355174,TRAVIS CO.,BLUFF SPGS,1/25/2012,535,Flash Flood, , ,0,0,0,0,TX,CST-6, ,59420,C,453,EWX,0,0,Emergency Manager,Heavy Rain, , ,2,E,2,ESE,BLUFF SPGS,30.17,-97.73,30.16,-97.74,328
357570,TRAVIS CO.,PLEASANT HILL,2/18/2012,315,Flash Flood, , ,0,0,0,0,TX,CST-6, ,59884,C,453,EWX,0,0,Emergency Manager,Heavy Rain, , ,1,W,2,SE,CEDAR VLY,30.2,-97.8,30.21,-97.93,329
368632,TRAVIS CO.,OAK HILL,3/9/2012,1114,Hail,0.88, ,0,0,0,0,TX,CST-6, ,61618,C,453,EWX,0,0,Broadcast Media, , , ,1,S, , , ,30.22,-97.85, , ,330
367896,TRAVIS CO.,OAK HILL,3/20/2012,107,Flash Flood, , ,0,0,0,0,TX,CST-6, ,60607,C,453,EWX,0,0,Emergency Manager,Heavy Rain, , ,1,WNW,1,NW,OAK HILL,30.23,-97.86,30.24,-97.86,331
371660,TRAVIS CO.,FISKVILLE,4/3/2012,1638,Hail,0.75, ,0,0,0,0,TX,CST-6, ,61620,C,453,EWX,0,0,CoCoRaHS, , , ,2,SSE, , , ,30.33,-97.69, , ,332
371661,TRAVIS CO.,FISKVILLE,4/3/2012,1650,Hail,0.75, ,0,0,0,0,TX,CST-6, ,61620,C,453,EWX,0,0,Trained Spotter, , , ,1,ESE, , , ,30.34,-97.68, , ,333
373773,TRAVIS CO.,WEST LAKE HILLS,5/6/2012,55,Hail,0.88, ,0,0,0,0,TX,CST-6, ,62470,C,453,EWX,0,0,CoCoRaHS, , , ,2,SSW, , , ,30.25,-97.81, , ,334
373774,TRAVIS CO.,WEST LAKE HILLS,5/6/2012,100,Hail,0.75, ,0,0,0,0,TX,CST-6, ,62470,C,453,EWX,0,0,COOP Observer, , , ,1,E, , , ,30.28,-97.79, , ,335
374544,TRAVIS CO.,WATERS ROCK,5/7/2012,1850,Thunderstorm Wind,52, ,0,0,0,0,TX,CST-6,EG,62473,C,453,EWX,0,0,Trained Spotter, , , ,3,WSW, , , ,30.4,-97.74, , ,336
376267,TRAVIS CO.,AUSTIN MABRY,5/10/2012,2230,Flash Flood, , ,0,0,0,0,TX,CST-6, ,62474,C,453,EWX,0,0,Department of Highways,Heavy Rain, , ,3,N,0,S,NORTH OAKS,30.36,-97.78,30.38,-97.68,337
394116,TRAVIS CO.,WEBBERVILLE,7/10/2012,636,Flash Flood, , ,0,0,0,0,TX,CST-6, ,65790,C,453,EWX,0,0,Public,Heavy Rain, , ,2,ENE,4,E,WEBBERVILLE,30.24,-97.48,30.23,-97.46,338
396561,TRAVIS CO.,OAK HILL,7/11/2012,1430,Flash Flood, , ,0,0,0,0,TX,CST-6, ,65790,C,453,EWX,0,0,Emergency Manager,Heavy Rain, , ,1,W,1,WNW,OAK HILL,30.23,-97.87,30.24,-97.87,339
397256,TRAVIS CO.,FOUR PTS,7/13/2012,1530,Thunderstorm Wind,50, ,0,0,0,0,TX,CST-6,EG,66118,C,453,EWX,0,0,Public, , , ,3,NE, , , ,30.43,-97.82, , ,340
397268,TRAVIS CO.,AUSTIN MABRY,7/15/2012,45,Flash Flood, , ,0,0,0,0,TX,CST-6, ,66118,C,453,EWX,0,0,Emergency Manager,Heavy Rain, , ,4,N,4,N,AUSTIN MABRY,30.38,-97.77,30.38,-97.77,341
397273,TRAVIS CO.,DODD CITY,7/15/2012,1625,Thunderstorm Wind,50, ,0,0,15000,0,TX,CST-6,EG,66118,C,453,EWX,0,0,Public, , , ,2,W, , , ,30.43,-97.94, , ,342
397293,TRAVIS CO.,MC NEIL,7/15/2012,1755,Flash Flood, , ,0,0,0,0,TX,CST-6, ,66118,C,453,EWX,0,0,Broadcast Media,Heavy Rain, , ,3,WSW,3,WSW,MC NEIL,30.43,-97.77,30.43,-97.76,343
397303,TRAVIS CO.,AUSTIN MABRY,7/15/2012,1908,Flash Flood, , ,0,0,0,0,TX,CST-6, ,66118,C,453,EWX,0,0,Broadcast Media,Heavy Rain, , ,1,ESE,3,WSW,DAFFAN,30.31,-97.75,30.3,-97.66,344
407346,TRAVIS CO.,JONESTOWN,9/13/2012,1711,Flash Flood, , ,0,0,100000,0,TX,CST-6, ,67884,C,453,EWX,0,0,Utility Company,Heavy Rain, , ,1,W,1,WNW,JONESTOWN,30.5,-97.91,30.5,-97.91,345
433188,TRAVIS (ZONE), ,2/25/2013,1330,High Wind,50, ,0,0,0,0,TX,CST-6,EG,71906,Z,192,EWX,0,0,Broadcast Media, , , , , , , , , , , , ,346
433194,TRAVIS (ZONE), ,2/25/2013,1510,High Wind,50, ,0,0,0,0,TX,CST-6,EG,71906,Z,192,EWX,0,0,Broadcast Media, , , , , , , , , , , , ,347
433235,TRAVIS (ZONE), ,2/25/2013,1655,High Wind,51, ,0,0,0,0,TX,CST-6,MG,71906,Z,192,EWX,0,0,AWOS, , , , , , , , , , , , ,348
433198,TRAVIS (ZONE), ,2/25/2013,1715,High Wind,56, ,0,0,0,0,TX,CST-6,EG,71906,Z,192,EWX,0,0,Storm Chaser, , , , , , , , , , , , ,349
434149,TRAVIS CO.,FOUR PTS,3/20/2013,140,Hail,1, ,0,0,0,0,TX,CST-6, ,72030,C,453,EWX,0,0,Trained Spotter, , , ,4,NE, , , ,30.45,-97.81, , ,350
434146,TRAVIS CO.,AUSTIN MABRY,3/20/2013,140,Hail,0.75, ,0,0,0,0,TX,CST-6, ,72030,C,453,EWX,0,0,COOP Observer, , , ,2,NW, , , ,30.34,-97.79, , ,351
434147,TRAVIS CO.,WATERS ROCK,3/20/2013,140,Hail,0.75, ,0,0,0,0,TX,CST-6, ,72030,C,453,EWX,0,0,Trained Spotter, , , ,3,SW, , , ,30.39,-97.74, , ,352
434148,TRAVIS CO.,MC NEIL,3/20/2013,140,Hail,0.75, ,0,0,0,0,TX,CST-6, ,72030,C,453,EWX,0,0,COOP Observer, , , ,4,SW, , , ,30.41,-97.77, , ,353
434143,TRAVIS CO.,WATERS ROCK,3/20/2013,145,Hail,1.5, ,0,0,0,0,TX,CST-6, ,72030,C,453,EWX,0,0,Trained Spotter, , , ,0,N, , , ,30.42,-97.7, , ,354
434141,TRAVIS CO.,LITTIG,3/20/2013,145,Hail,0.75, ,0,0,0,0,TX,CST-6, ,72030,C,453,EWX,0,0,Trained Spotter, , , ,3,NW, , , ,30.35,-97.49, , ,355
434142,TRAVIS CO.,NORTH OAKS,3/20/2013,145,Hail,1, ,0,0,0,0,TX,CST-6, ,72030,C,453,EWX,0,0,CoCoRaHS, , , ,1,SE, , , ,30.37,-97.67, , ,356
434135,TRAVIS CO.,PFLUGERVILLE,3/20/2013,153,Hail,1, ,0,0,0,0,TX,CST-6, ,72030,C,453,EWX,0,0,Trained Spotter, , , ,1,N, , , ,30.44,-97.62, , ,357
434134,TRAVIS CO.,DODD CITY,3/20/2013,154,Hail,1, ,0,0,0,0,TX,CST-6, ,72030,C,453,EWX,0,0,Trained Spotter, , , ,2,NW, , , ,30.45,-97.92, , ,358
434133,TRAVIS CO.,AUSTIN EXEC ARPK,3/20/2013,156,Hail,1.5, ,0,0,0,0,TX,CST-6, ,72030,C,453,EWX,0,0,Public, , , ,1,SW, , , ,30.41,-97.68, , ,359
436771,TRAVIS CO.,BEECAVES,4/2/2013,1555,Hail,0.88, ,0,0,0,0,TX,CST-6, ,72056,C,453,EWX,0,0,Trained Spotter, , , ,2,NNE, , , ,30.32,-97.94, , ,360
436774,TRAVIS CO.,OAK HILL,4/2/2013,1610,Thunderstorm Wind,67, ,0,0,0,0,TX,CST-6,MG,72056,C,453,EWX,0,0,Trained Spotter, , , ,2,W, , , ,30.23,-97.88, , ,361
436775,TRAVIS CO.,VINSON,4/2/2013,1615,Hail,0.75, ,0,0,0,0,TX,CST-6, ,72056,C,453,EWX,0,0,CoCoRaHS, , , ,2,WSW, , , ,30.21,-97.81, , ,362
441471,TRAVIS CO.,BEECAVES,4/29/2013,1400,Lightning, , ,0,3,0,0,TX,CST-6, ,72801,C,453,EWX,0,0,Broadcast Media, , , ,2,NNW, , , ,30.32,-97.96, , ,363
444667,TRAVIS CO.,VINSON,5/10/2013,1835,Hail,1, ,0,0,0,0,TX,CST-6, ,72781,C,453,EWX,0,0,CoCoRaHS, , , ,2,WSW, , , ,30.21,-97.81, , ,364
444669,TRAVIS CO.,OAK HILL,5/10/2013,1840,Hail,1, ,0,0,0,0,TX,CST-6, ,72781,C,453,EWX,0,0,Public, , , ,2,E, , , ,30.23,-97.82, , ,365
444671,TRAVIS CO.,VINSON,5/10/2013,1855,Flash Flood, , ,0,0,0,0,TX,CST-6, ,72781,C,453,EWX,0,0,Broadcast Media,Heavy Rain, , ,1,NNE,0,NNE,VINSON,30.23,-97.78,30.22,-97.78,366
444674,TRAVIS CO.,NORTH OAKS,5/10/2013,1920,Flash Flood, , ,0,0,0,0,TX,CST-6, ,72781,C,453,EWX,0,0,Broadcast Media,Heavy Rain, , ,1,WSW,1,NNW,FISKVILLE,30.37,-97.7,30.36,-97.7,367
444677,TRAVIS CO.,OAK HILL,5/10/2013,1948,Flash Flood, , ,0,0,0,0,TX,CST-6, ,72781,C,453,EWX,0,0,Broadcast Media,Heavy Rain, , ,1,W,2,W,OAK HILL,30.23,-97.87,30.23,-97.88,368
446901,TRAVIS CO.,CEDAR VLY,5/24/2013,1443,Flash Flood, , ,0,0,0,0,TX,CST-6, ,73848,C,453,EWX,0,0,Emergency Manager,Heavy Rain, , ,2,ESE,2,W,WATERS ROCK,30.21,-97.91,30.42,-97.74,369
471713,TRAVIS CO.,MC NEIL,7/26/2013,2258,Lightning, , ,0,0,130000,0,TX,CST-6, ,78133,C,453,EWX,0,0,Broadcast Media, , , ,4,SW, , , ,30.41,-97.76, , ,370
471715,TRAVIS CO.,DEL VALLE,7/26/2013,2300,Lightning, , ,0,0,50000,0,TX,CST-6, ,78133,C,453,EWX,0,0,Broadcast Media, , , ,0,NNE, , , ,30.23,-97.67, , ,371
470525,TRAVIS CO.,DEL VALLE,7/26/2013,2325,Thunderstorm Wind,51, ,0,0,0,0,TX,CST-6,MG,78133,C,453,EWX,0,0,ASOS, , , ,1,W, , , ,30.22,-97.69, , ,372
471716,TRAVIS CO.,NORTH OAKS,7/26/2013,2345,Lightning, , ,0,0,75000,0,TX,CST-6, ,78133,C,453,EWX,0,0,Broadcast Media, , , ,1,SSE, , , ,30.37,-97.67, , ,373
476044,TRAVIS CO., ,9/4/2013,1850,Thunderstorm Wind,50, ,0,0,0,0,TX,CST-6,EG,79359,C,453,EWX,0,0,Public, , , , , , , , , , , , ,374
475094,TRAVIS CO., ,9/20/2013,1345,Flash Flood, , ,0,0,0,0,TX,CST-6, ,79186,C,453,EWX,0,0,Emergency Manager,Heavy Rain, , , , , , , , , , , ,375
475106,TRAVIS CO., ,9/28/2013,2237,Flash Flood, , ,0,0,0,0,TX,CST-6, ,79195,C,453,EWX,0,0,Public,Heavy Rain, , , , , , , , , , , ,376
481171,TRAVIS CO.,CELE,10/12/2013,2345,Flash Flood, , ,0,0,0,0,TX,CST-6, ,79596,C,453,EWX,0,0,Public,Heavy Rain, , ,3,NW,1,S,AUSTIN BIRDSNEST ARP,30.46,-97.55,30.39,-97.57,377
481175,TRAVIS CO.,WEST LAKE HILLS,10/13/2013,111,Flash Flood, , ,0,0,0,0,TX,CST-6, ,79596,C,453,EWX,0,0,Mesonet,Heavy Rain, , ,2,ENE,3,NNW,AUSTIN MABRY,30.29,-97.77,30.36,-97.79,378
481353,TRAVIS CO.,BEECAVES,10/13/2013,400,Flash Flood, , ,0,0,0,0,TX,CST-6, ,79596,C,453,EWX,0,0,Law Enforcement,Heavy Rain, , ,2,E,2,SE,BEECAVES,30.3,-97.91,30.28,-97.93,379
481159,TRAVIS CO.,WEST LAKE HILLS,10/13/2013,531,Flash Flood, , ,1,0,2000000,0,TX,CST-6, ,79596,C,453,EWX,0,0,Fire Department/Rescue,Heavy Rain, , ,2,E,0,N,WEST LAKE HILLS,30.28,-97.77,30.29,-97.8,380
481042,TRAVIS CO.,THREE PT,10/30/2013,2206,Flash Flood, , ,0,0,0,0,TX,CST-6, ,79593,C,453,EWX,0,0,Newspaper,Heavy Rain, , ,1,N,1,NW,THREE PT,30.47,-97.65,30.46,-97.66,381
481356,TRAVIS CO.,PFLUGERVILLE,10/30/2013,2315,Flash Flood, , ,0,0,0,0,TX,CST-6, ,79593,C,453,EWX,0,0,Law Enforcement,Heavy Rain, , ,0,N,2,W,THREE PT,30.43,-97.62,30.45,-97.68,382
481489,TRAVIS CO.,OAK HILL,10/31/2013,200,Flash Flood, , ,4,0,100000000,0,TX,CST-6, ,79593,C,453,EWX,0,0,NWS Storm Survey,Heavy Rain, , ,2,S,4,WNW,MANCHACA,30.2,-97.85,30.15,-97.91,383
483204,TRAVIS CO.,WATERS ROCK,11/22/2013,200,Flash Flood, , ,0,0,0,0,TX,CST-6, ,80653,C,453,EWX,0,0,Department of Highways,Heavy Rain, , ,2,SW,0,SW,WATERS ROCK,30.4,-97.73,30.42,-97.7,384
484675,TRAVIS CO.,FISKVILLE,11/22/2013,1130,Flash Flood, , ,1,0,0,0,TX,CST-6, ,80653,C,453,EWX,0,0,Law Enforcement,Heavy Rain, , ,0,ENE,1,E,FISKVILLE,30.35,-97.69,30.35,-97.69,385
483990,TRAVIS (ZONE), ,12/5/2013,2136,Winter Weather, , ,0,0,0,0,TX,CST-6, ,80836,Z,192,EWX,0,0,Law Enforcement, , , , , , , , , , , , ,386
483852,TRAVIS (ZONE), ,12/7/2013,1842,Winter Weather, , ,0,0,0,0,TX,CST-6, ,80823,Z,192,EWX,0,0,Emergency Manager, , , , , , , , , , , , ,387
495802,TRAVIS (ZONE), ,1/23/2014,1600,Winter Weather, , ,0,0,0,0,TX,CST-6, ,82402,Z,192,EWX,0,0,Broadcast Media, , , , , , , , , , , , ,388
495819,TRAVIS (ZONE), ,1/27/2014,2124,Winter Weather, , ,0,0,0,0,TX,CST-6, ,82409,Z,192,EWX,0,0,Broadcast Media, , , , , , , , , , , , ,389
503005,TRAVIS (ZONE), ,3/4/2014,40,Winter Weather, , ,0,0,0,0,TX,CST-6, ,83310,Z,192,EWX,0,0,Emergency Manager, , , , , , , , , , , , ,390
502630,TRAVIS CO.,MC NEIL,3/28/2014,1530,Hail,1, ,0,0,0,0,TX,CST-6, ,83309,C,453,EWX,0,0,COOP Observer, , , ,4,SW, , , ,30.41,-97.77, , ,391
502624,TRAVIS CO.,FISKVILLE,3/28/2014,1530,Hail,1, ,0,0,0,0,TX,CST-6, ,83309,C,453,EWX,0,0,Trained Spotter, , , ,3,WNW, , , ,30.37,-97.74, , ,392
502627,TRAVIS CO.,WATERS ROCK,3/28/2014,1533,Hail,0.75, ,0,0,0,0,TX,CST-6, ,83309,C,453,EWX,0,0,Public, , , ,3,WSW, , , ,30.41,-97.75, , ,393
502626,TRAVIS CO.,WATERS ROCK,3/28/2014,1533,Hail,1, ,0,0,0,0,TX,CST-6, ,83309,C,453,EWX,0,0,Trained Spotter, , , ,4,SW, , , ,30.39,-97.75, , ,394
502628,TRAVIS CO.,NORTH OAKS,3/28/2014,1534,Hail,0.75, ,0,0,0,0,TX,CST-6, ,83309,C,453,EWX,0,0,Trained Spotter, , , ,1,SE, , , ,30.37,-97.67, , ,395
502629,TRAVIS CO.,AUSTIN MABRY,3/28/2014,1535,Hail,1, ,0,0,0,0,TX,CST-6, ,83309,C,453,EWX,0,0,Public, , , ,3,NW, , , ,30.35,-97.8, , ,396
502631,TRAVIS CO.,FISKVILLE,3/28/2014,1538,Hail,1, ,0,0,0,0,TX,CST-6, ,83309,C,453,EWX,0,0,Public, , , ,3,WNW, , , ,30.37,-97.74, , ,397
502632,TRAVIS CO.,NORTH OAKS,3/28/2014,1540,Hail,0.75, ,0,0,0,0,TX,CST-6, ,83309,C,453,EWX,0,0,Trained Spotter, , , ,1,W, , , ,30.38,-97.69, , ,398
502633,TRAVIS CO.,FISKVILLE,3/28/2014,1542,Hail,1.75, ,0,0,0,0,TX,CST-6, ,83309,C,453,EWX,0,0,Storm Chaser, , , ,1,S, , , ,30.34,-97.7, , ,399
502634,TRAVIS CO.,FISKVILLE,3/28/2014,1544,Hail,1.75, ,0,0,0,0,TX,CST-6, ,83309,C,453,EWX,0,0,Trained Spotter, , , ,1,N, , , ,30.36,-97.7, , ,400
502637,TRAVIS CO.,NORTH OAKS,3/28/2014,1545,Hail,1, ,0,0,0,0,TX,CST-6, ,83309,C,453,EWX,0,0,Trained Spotter, , , ,1,E, , , ,30.38,-97.67, , ,401
502635,TRAVIS CO.,FISKVILLE,3/28/2014,1545,Hail,1, ,0,0,0,0,TX,CST-6, ,83309,C,453,EWX,0,0,Trained Spotter, , , ,2,ESE, , , ,30.34,-97.67, , ,402
502636,TRAVIS CO.,SPRINKLE,3/28/2014,1545,Hail,1.75, ,0,0,0,0,TX,CST-6, ,83309,C,453,EWX,0,0,Trained Spotter, , , ,2,E, , , ,30.35,-97.59, , ,403
502638,TRAVIS CO.,FISKVILLE,3/28/2014,1552,Hail,1, ,0,0,0,0,TX,CST-6, ,83309,C,453,EWX,0,0,Trained Spotter, , , ,2,SE, , , ,30.33,-97.67, , ,404
507779,TRAVIS CO.,OAK HILL,4/7/2014,1815,Hail,0.88, ,0,0,0,0,TX,CST-6, ,84113,C,453,EWX,0,0,Trained Spotter, , , ,2,SSW, , , ,30.2,-97.87, , ,405
507781,TRAVIS CO.,AUSTIN,4/7/2014,1835,Thunderstorm Wind,48, ,0,0,2000,0,TX,CST-6,EG,84113,C,453,EWX,0,0,Broadcast Media, , , ,1,NNE, , , ,30.29,-97.73, , ,406
508059,TRAVIS CO.,PLEASANT HILL,4/14/2014,944,Hail,1, ,0,0,0,0,TX,CST-6, ,83522,C,453,EWX,0,0,Public, , , ,2,W, , , ,30.2,-97.81, , ,407
508060,TRAVIS CO.,DEL VALLE,4/14/2014,950,Hail,0.75, ,0,0,0,0,TX,CST-6, ,83522,C,453,EWX,0,0,Trained Spotter, , , ,2,NNW, , , ,30.24,-97.68, , ,408
508061,TRAVIS CO.,AUSTIN MABRY,4/14/2014,951,Hail,1.75, ,0,0,0,0,TX,CST-6, ,83522,C,453,EWX,0,0,Public, , , ,1,ESE, , , ,30.31,-97.75, , ,409
508062,TRAVIS CO.,DEL VALLE,4/14/2014,954,Hail,1, ,0,0,0,0,TX,CST-6, ,83522,C,453,EWX,0,0,Trained Spotter, , , ,2,NNW, , , ,30.24,-97.68, , ,410
508064,TRAVIS CO.,PLEASANT HILL,4/14/2014,958,Hail,1, ,0,0,0,0,TX,CST-6, ,83522,C,453,EWX,0,0,Public, , , ,0,N, , , ,30.2,-97.78, , ,411
508065,TRAVIS CO.,DEL VALLE,4/14/2014,1000,Hail,1.25, ,0,0,0,0,TX,CST-6, ,83522,C,453,EWX,0,0,Storm Chaser, , , ,0,N, , , ,30.22,-97.67, , ,412
508066,TRAVIS CO.,GARFIELD,4/14/2014,1005,Hail,1.25, ,0,0,0,0,TX,CST-6, ,83522,C,453,EWX,0,0,Public, , , ,1,NE, , , ,30.19,-97.56, , ,413
509250,TRAVIS CO.,ELROY,4/27/2014,1718,Hail,1.25, ,0,0,1000,0,TX,CST-6, ,84350,C,453,EWX,0,0,Trained Spotter, , , ,3,ENE, , , ,30.14,-97.59, , ,414
516041,TRAVIS CO.,ELROY,5/12/2014,2141,Flash Flood, , ,0,0,0,0,TX,CST-6, ,85420,C,453,EWX,0,0,Department of Highways,Heavy Rain, , ,2,WSW,0,ESE,CREEDMOOR,30.1,-97.66,30.08,-97.72,415
519659,TRAVIS CO.,NORTH OAKS,5/26/2014,1100,Thunderstorm Wind,35, ,0,0,1000,0,TX,CST-6,EG,85693,C,453,EWX,0,0,Law Enforcement, , , ,1,WNW, , , ,30.39,-97.7, , ,416
518330,TRAVIS CO.,CREEDMOOR,5/27/2014,700,Flash Flood, , ,0,0,0,0,TX,CST-6, ,85702,C,453,EWX,0,0,Department of Highways,Heavy Rain, , ,2,SE,3,SSW,LITTIG,30.06,-97.7,30.28,-97.46,417
518299,TRAVIS CO.,AUSTIN LAKEWAY ARPT,5/27/2014,1856,Hail,1, ,0,0,0,0,TX,CST-6, ,85702,C,453,EWX,0,0,Public, , , ,2,NNW, , , ,30.37,-98.01, , ,418
518301,TRAVIS CO.,AUSTIN LAKEWAY ARPT,5/27/2014,1902,Hail,1, ,0,0,0,0,TX,CST-6, ,85702,C,453,EWX,0,0,Trained Spotter, , , ,3,ENE, , , ,30.36,-97.95, , ,419
518303,TRAVIS CO.,OAK HILL,5/27/2014,1915,Hail,0.88, ,0,0,0,0,TX,CST-6, ,85702,C,453,EWX,0,0,Fire Department/Rescue, , , ,3,W, , , ,30.23,-97.9, , ,420
518302,TRAVIS CO.,CEDAR VLY,5/27/2014,1915,Hail,1.5, ,0,0,0,0,TX,CST-6, ,85702,C,453,EWX,0,0,Amateur Radio, , , ,1,N, , , ,30.23,-97.95, , ,421
518306,TRAVIS CO.,OAK HILL,5/27/2014,1916,Hail,0.75, ,0,0,0,0,TX,CST-6, ,85702,C,453,EWX,0,0,Public, , , ,2,SW, , , ,30.21,-97.87, , ,422
518305,TRAVIS CO.,BEECAVES,5/27/2014,1917,Hail,1, ,0,0,0,0,TX,CST-6, ,85702,C,453,EWX,0,0,Public, , , ,3,SE, , , ,30.27,-97.91, , ,423
518307,TRAVIS CO.,OAK HILL,5/27/2014,1919,Hail,1.75, ,0,0,0,0,TX,CST-6, ,85702,C,453,EWX,0,0,Trained Spotter, , , ,3,W, , , ,30.23,-97.9, , ,424
518308,TRAVIS CO.,OAK HILL,5/27/2014,1926,Hail,1.5, ,0,0,0,0,TX,CST-6, ,85702,C,453,EWX,0,0,Public, , , ,2,WSW, , , ,30.22,-97.88, , ,425
518310,TRAVIS CO.,MANCHACA,5/27/2014,1935,Hail,2, ,0,0,0,0,TX,CST-6, ,85702,C,453,EWX,0,0,Public, , , ,1,N, , , ,30.15,-97.85, , ,426
529433,TRAVIS CO.,AUSTIN LAKEWAY ARPT,6/12/2014,2045,Thunderstorm Wind,70, ,0,0,5000,0,TX,CST-6,EG,86211,C,453,EWX,0,0,CoCoRaHS, , , ,3,W, , , ,30.35,-98.05, , ,427
529437,TRAVIS CO.,CEDAR VLY,6/12/2014,2100,Thunderstorm Wind,52, ,0,0,0,0,TX,CST-6,EG,86211,C,453,EWX,0,0,Public, , , ,0,N, , , ,30.22,-97.95, , ,428
529438,TRAVIS CO.,AUSTIN LAKEWAY ARPT,6/12/2014,2105,Thunderstorm Wind,74, ,0,0,200000,0,TX,CST-6,EG,86211,C,453,EWX,0,0,Fire Department/Rescue, , , ,2,NE, , , ,30.37,-97.98, , ,429
529440,TRAVIS CO.,OAK HILL,6/12/2014,2120,Thunderstorm Wind,52, ,0,0,0,0,TX,CST-6,EG,86211,C,453,EWX,0,0,CoCoRaHS, , , ,2,SW, , , ,30.21,-97.88, , ,430
529448,TRAVIS CO.,MANCHACA,6/12/2014,2145,Thunderstorm Wind,52, ,0,0,0,0,TX,CST-6,EG,86211,C,453,EWX,0,0,CoCoRaHS, , , ,2,ENE, , , ,30.14,-97.82, , ,431
536838,TRAVIS CO.,MC NEIL,7/17/2014,2228,Flash Flood, , ,0,0,0,0,TX,CST-6, ,86269,C,453,EWX,0,0,Broadcast Media,Heavy Rain, , ,5,WNW,1,WSW,PFLUGERVILLE,30.46,-97.79,30.42,-97.64,432
536847,TRAVIS CO.,MC NEIL,7/18/2014,219,Flash Flood, , ,0,0,0,0,TX,CST-6, ,86269,C,453,EWX,0,0,Broadcast Media,Heavy Rain, , ,5,WNW,5,NNE,FOUR PTS,30.46,-97.8,30.46,-97.81,433
538878,TRAVIS CO., ,8/26/2014,1535,Thunderstorm Wind,54, ,0,0,0,0,TX,CST-6,EG,89478,C,453,EWX,0,0,AWOS, , , , , , , , , , , , ,434
538882,TRAVIS CO., ,8/26/2014,1540,Lightning, , ,0,3,0,0,TX,CST-6, ,89478,C,453,EWX,0,0,Broadcast Media, , , , , , , , , , , , ,435
